Date,HostTimestamp (ms),NodeName,NodeTimestamp,RawData,X (dps),Y (dps),Z (dps),
03/12/2020 12:49:24.630,18,TAI_400 @B73477,120500,090028000A00,0.9,4.0,1.0,
03/12/2020 12:49:24.678,66,TAI_400 @B73477,120507,E9FFF2FF0100,-2.3,-1.4,0.1,
03/12/2020 12:49:24.727,115,TAI_400 @B73477,120513,0A0028000A00,1.0,4.0,1.0,
03/12/2020 12:49:24.777,165,TAI_400 @B73477,120519,E8FFF2FF0000,-2.4,-1.4,0.0,
03/12/2020 12:49:24.825,213,TAI_400 @B73477,120525,1C0010000A00,2.8,1.6,1.0,
03/12/2020 12:49:24.873,261,TAI_400 @B73477,120532,D9FF08000000,-3.9,0.8,0.0,
03/12/2020 12:49:24.922,310,TAI_400 @B73477,120538,1E000F000A00,3.0,1.5,1.0,
03/12/2020 12:49:24.972,360,TAI_400 @B73477,120544,D9FF1C000200,-3.9,2.8,0.2,
03/12/2020 12:49:25.020,408,TAI_400 @B73477,120550,2100F9FF0900,3.3,-0.7,0.9,
03/12/2020 12:49:25.070,458,TAI_400 @B73477,120557,D9FF1C000200,-3.9,2.8,0.2,
03/12/2020 12:49:25.118,506,TAI_400 @B73477,120563,2000F9FF0800,3.2,-0.7,0.8,
03/12/2020 12:49:25.167,555,TAI_400 @B73477,120569,E5FF2C000600,-2.7,4.4,0.6,
03/12/2020 12:49:25.216,604,TAI_400 @B73477,120575,1200E8FF0400,1.8,-2.4,0.4,
03/12/2020 12:49:25.264,652,TAI_400 @B73477,120582,E4FF2C000600,-2.8,4.4,0.6,
03/12/2020 12:49:25.312,700,TAI_400 @B73477,120588,FDFFE7FF0200,-0.3,-2.5,0.2,
03/12/2020 12:49:25.362,750,TAI_400 @B73477,120594,F8FF32000900,-0.8,5.0,0.9,
03/12/2020 12:49:25.411,799,TAI_400 @B73477,120600,FCFFE7FF0200,-0.4,-2.5,0.2,
03/12/2020 12:49:25.557,945,TAI_400 @B73477,120607,F7FF31000900,-0.9,4.9,0.9,
03/12/2020 12:49:25.558,946,TAI_400 @B73477,120613,E6FFF5FF0000,-2.6,-1.1,0.0,
03/12/2020 12:49:25.605,993,TAI_400 @B73477,120619,0D0025000B00,1.3,3.7,1.1,
03/12/2020 12:49:25.655,1043,TAI_400 @B73477,120625,E5FFF5FF0000,-2.7,-1.1,0.0,
03/12/2020 12:49:25.703,1091,TAI_400 @B73477,120632,1F000C000A00,3.1,1.2,1.0,
03/12/2020 12:49:25.752,1140,TAI_400 @B73477,120638,D9FF0B000000,-3.9,1.1,0.0,
03/12/2020 12:49:25.800,1188,TAI_400 @B73477,120644,1F000B000A00,3.1,1.1,1.0,
03/12/2020 12:49:25.849,1237,TAI_400 @B73477,120650,D9FF0B000100,-3.9,1.1,0.1,
03/12/2020 12:49:25.898,1286,TAI_400 @B73477,120657,2000F5FF0800,3.2,-1.1,0.8,
03/12/2020 12:49:25.946,1334,TAI_400 @B73477,120663,DBFF1F000300,-3.7,3.1,0.3,
03/12/2020 12:49:25.995,1383,TAI_400 @B73477,120669,2000F5FF0800,3.2,-1.1,0.8,
03/12/2020 12:49:26.044,1432,TAI_400 @B73477,120675,E7FF2E000700,-2.5,4.6,0.7,
03/12/2020 12:49:26.093,1481,TAI_400 @B73477,120682,1000E7FF0400,1.6,-2.5,0.4,
03/12/2020 12:49:26.142,1530,TAI_400 @B73477,120688,E7FF2E000700,-2.5,4.6,0.7,
03/12/2020 12:49:26.191,1579,TAI_400 @B73477,120694,0F00E7FF0400,1.5,-2.5,0.4,
03/12/2020 12:49:26.238,1626,TAI_400 @B73477,120700,FAFF32000900,-0.6,5.0,0.9,
03/12/2020 12:49:26.288,1676,TAI_400 @B73477,120707,F9FFE7FF0100,-0.7,-2.5,0.1,
03/12/2020 12:49:26.336,1724,TAI_400 @B73477,120713,FBFF31000900,-0.5,4.9,0.9,
03/12/2020 12:49:26.385,1773,TAI_400 @B73477,120719,F9FFE7FF0200,-0.7,-2.5,0.2,
03/12/2020 12:49:26.434,1822,TAI_400 @B73477,120725,120022000B00,1.8,3.4,1.1,
03/12/2020 12:49:26.483,1871,TAI_400 @B73477,120732,E4FFF7FF0000,-2.8,-0.9,0.0,
03/12/2020 12:49:26.532,1920,TAI_400 @B73477,120738,110021000B00,1.7,3.3,1.1,
03/12/2020 12:49:26.582,1970,TAI_400 @B73477,120744,D8FF0D000100,-4.0,1.3,0.1,
03/12/2020 12:49:26.678,2066,TAI_400 @B73477,120750,1F0009000A00,3.1,0.9,1.0,
03/12/2020 12:49:26.727,2115,TAI_400 @B73477,120757,D8FF0E000200,-4.0,1.4,0.2,
03/12/2020 12:49:26.775,2163,TAI_400 @B73477,120763,1F0009000A00,3.1,0.9,1.0,
03/12/2020 12:49:26.824,2212,TAI_400 @B73477,120769,DAFF20000300,-3.8,3.2,0.3,
03/12/2020 12:49:26.872,2260,TAI_400 @B73477,120775,1F00F4FF0700,3.1,-1.2,0.7,
03/12/2020 12:49:26.921,2309,TAI_400 @B73477,120782,DAFF22000400,-3.8,3.4,0.4,
03/12/2020 12:49:26.970,2358,TAI_400 @B73477,120788,0E00E7FF0400,1.4,-2.5,0.4,
03/12/2020 12:49:27.019,2407,TAI_400 @B73477,120794,E9FF2E000700,-2.3,4.6,0.7,
03/12/2020 12:49:27.068,2456,TAI_400 @B73477,120800,0E00E7FF0400,1.4,-2.5,0.4,
03/12/2020 12:49:27.116,2504,TAI_400 @B73477,120807,E8FF2F000700,-2.4,4.7,0.7,
03/12/2020 12:49:27.165,2553,TAI_400 @B73477,120813,F8FFE7FF0100,-0.8,-2.5,0.1,
03/12/2020 12:49:27.214,2602,TAI_400 @B73477,120819,FDFF31000900,-0.3,4.9,0.9,
03/12/2020 12:49:27.263,2651,TAI_400 @B73477,120825,F7FFE7FF0100,-0.9,-2.5,0.1,
03/12/2020 12:49:27.312,2700,TAI_400 @B73477,120832,14001F000A00,2.0,3.1,1.0,
03/12/2020 12:49:27.360,2748,TAI_400 @B73477,120838,E2FFFBFF0000,-3.0,-0.5,0.0,
03/12/2020 12:49:27.409,2797,TAI_400 @B73477,120844,15001E000A00,2.1,3.0,1.0,
03/12/2020 12:49:27.457,2845,TAI_400 @B73477,120850,E2FFFAFF0000,-3.0,-0.6,0.0,
03/12/2020 12:49:27.506,2894,TAI_400 @B73477,120857,200006000A00,3.2,0.6,1.0,
03/12/2020 12:49:27.555,2943,TAI_400 @B73477,120863,D7FF10000200,-4.1,1.6,0.2,
03/12/2020 12:49:27.604,2992,TAI_400 @B73477,120869,200006000A00,3.2,0.6,1.0,
03/12/2020 12:49:27.653,3041,TAI_400 @B73477,120875,D7FF11000200,-4.1,1.7,0.2,
03/12/2020 12:49:27.702,3090,TAI_400 @B73477,120882,1C00F0FF0700,2.8,-1.6,0.7,
03/12/2020 12:49:27.751,3139,TAI_400 @B73477,120888,DCFF25000400,-3.6,3.7,0.4,
03/12/2020 12:49:27.896,3284,TAI_400 @B73477,120894,1C00F1FF0700,2.8,-1.5,0.7,
03/12/2020 12:49:27.897,3285,TAI_400 @B73477,120900,EBFF31000700,-2.1,4.9,0.7,
03/12/2020 12:49:27.945,3333,TAI_400 @B73477,120907,0A00E5FF0200,1.0,-2.7,0.2,
03/12/2020 12:49:27.994,3382,TAI_400 @B73477,120913,ECFF31000700,-2.0,4.9,0.7,
03/12/2020 12:49:28.043,3431,TAI_400 @B73477,120919,F3FFE9FF0100,-1.3,-2.3,0.1,
03/12/2020 12:49:28.091,3479,TAI_400 @B73477,120925,02002E000A00,0.2,4.6,1.0,
03/12/2020 12:49:28.140,3528,TAI_400 @B73477,120932,F3FFEAFF0100,-1.3,-2.2,0.1,
03/12/2020 12:49:28.189,3577,TAI_400 @B73477,120938,01002D000A00,0.1,4.5,1.0,
03/12/2020 12:49:28.238,3626,TAI_400 @B73477,120944,DFFFFFFF0000,-3.3,-0.1,0.0,
03/12/2020 12:49:28.287,3675,TAI_400 @B73477,120950,16001A000B00,2.2,2.6,1.1,
03/12/2020 12:49:28.336,3724,TAI_400 @B73477,120957,DFFFFFFF0000,-3.3,-0.1,0.0,
03/12/2020 12:49:28.384,3772,TAI_400 @B73477,120963,16001A000B00,2.2,2.6,1.1,
03/12/2020 12:49:28.433,3821,TAI_400 @B73477,120969,D6FF15000100,-4.2,2.1,0.1,
03/12/2020 12:49:28.481,3869,TAI_400 @B73477,120975,210002000900,3.3,0.2,0.9,
03/12/2020 12:49:28.531,3919,TAI_400 @B73477,120982,D6FF14000200,-4.2,2.0,0.2,
03/12/2020 12:49:28.579,3967,TAI_400 @B73477,120988,1C00F0FF0700,2.8,-1.6,0.7,
03/12/2020 12:49:28.627,4015,TAI_400 @B73477,120994,DEFF26000400,-3.4,3.8,0.4,
03/12/2020 12:49:28.676,4064,TAI_400 @B73477,121000,1C00EFFF0700,2.8,-1.7,0.7,
03/12/2020 12:49:28.725,4113,TAI_400 @B73477,121007,DFFF26000400,-3.3,3.8,0.4,
03/12/2020 12:49:28.774,4162,TAI_400 @B73477,121013,0700E4FF0200,0.7,-2.8,0.2,
03/12/2020 12:49:28.823,4211,TAI_400 @B73477,121019,F0FF31000800,-1.6,4.9,0.8,
03/12/2020 12:49:28.872,4260,TAI_400 @B73477,121025,0700E4FF0300,0.7,-2.8,0.3,
03/12/2020 12:49:28.922,4310,TAI_400 @B73477,121032,04002C000A00,0.4,4.4,1.0,
03/12/2020 12:49:28.969,4357,TAI_400 @B73477,121038,EFFFEDFF0100,-1.7,-1.9,0.1,
03/12/2020 12:49:29.066,4454,TAI_400 @B73477,121044,04002C000A00,0.4,4.4,1.0,
03/12/2020 12:49:29.116,4504,TAI_400 @B73477,121050,EFFFEDFF0100,-1.7,-1.9,0.1,
03/12/2020 12:49:29.164,4552,TAI_400 @B73477,121057,180017000A00,2.4,2.3,1.0,
03/12/2020 12:49:29.213,4601,TAI_400 @B73477,121063,DDFF01000000,-3.5,0.1,0.0,
03/12/2020 12:49:29.261,4649,TAI_400 @B73477,121069,190017000A00,2.5,2.3,1.0,
03/12/2020 12:49:29.310,4698,TAI_400 @B73477,121075,D7FF17000200,-4.1,2.3,0.2,
03/12/2020 12:49:29.359,4747,TAI_400 @B73477,121082,2100FFFF0900,3.3,-0.1,0.9,
03/12/2020 12:49:29.407,4795,TAI_400 @B73477,121088,D7FF17000200,-4.1,2.3,0.2,
03/12/2020 12:49:29.456,4844,TAI_400 @B73477,121094,2100FEFF0900,3.3,-0.2,0.9,
03/12/2020 12:49:29.505,4893,TAI_400 @B73477,121100,E0FF27000400,-3.2,3.9,0.4,
03/12/2020 12:49:29.555,4943,TAI_400 @B73477,121107,1900ECFF0700,2.5,-2.0,0.7,
03/12/2020 12:49:29.602,4990,TAI_400 @B73477,121113,E0FF28000500,-3.2,4.0,0.5,
03/12/2020 12:49:29.651,5039,TAI_400 @B73477,121119,0400E4FF0200,0.4,-2.8,0.2,
03/12/2020 12:49:29.702,5090,TAI_400 @B73477,121125,F1FF32000900,-1.5,5.0,0.9,
03/12/2020 12:49:29.749,5137,TAI_400 @B73477,121132,0300E4FF0200,0.3,-2.8,0.2,
03/12/2020 12:49:29.798,5186,TAI_400 @B73477,121138,F1FF31000900,-1.5,4.9,0.9,
03/12/2020 12:49:29.847,5235,TAI_400 @B73477,121144,ECFFF0FF0000,-2.0,-1.6,0.0,
03/12/2020 12:49:29.895,5283,TAI_400 @B73477,121150,07002A000A00,0.7,4.2,1.0,
03/12/2020 12:49:29.944,5332,TAI_400 @B73477,121157,EBFFF0FF0000,-2.1,-1.6,0.0,
03/12/2020 12:49:29.993,5381,TAI_400 @B73477,121163,1B0014000A00,2.7,2.0,1.0,
03/12/2020 12:49:30.042,5430,TAI_400 @B73477,121169,DBFF04000100,-3.7,0.4,0.1,
03/12/2020 12:49:30.091,5479,TAI_400 @B73477,121175,1C0014000A00,2.8,2.0,1.0,
03/12/2020 12:49:30.139,5526,TAI_400 @B73477,121182,DBFF04000000,-3.7,0.4,0.0,
03/12/2020 12:49:30.236,5624,TAI_400 @B73477,121188,2100FDFF0900,3.3,-0.3,0.9,
03/12/2020 12:49:30.286,5674,TAI_400 @B73477,121194,D9FF19000200,-3.9,2.5,0.2,
03/12/2020 12:49:30.334,5722,TAI_400 @B73477,121200,2100FCFF0900,3.3,-0.4,0.9,
03/12/2020 12:49:30.383,5771,TAI_400 @B73477,121207,D9FF19000200,-3.9,2.5,0.2,
03/12/2020 12:49:30.431,5819,TAI_400 @B73477,121213,1700E9FF0500,2.3,-2.3,0.5,
03/12/2020 12:49:30.481,5869,TAI_400 @B73477,121219,E2FF2A000500,-3.0,4.2,0.5,
03/12/2020 12:49:30.529,5917,TAI_400 @B73477,121225,1700EAFF0500,2.3,-2.2,0.5,
03/12/2020 12:49:30.578,5966,TAI_400 @B73477,121232,F4FF32000900,-1.2,5.0,0.9,
03/12/2020 12:49:30.628,6016,TAI_400 @B73477,121238,0000E5FF0200,0.0,-2.7,0.2,
03/12/2020 12:49:30.675,6063,TAI_400 @B73477,121244,F4FF32000900,-1.2,5.0,0.9,
03/12/2020 12:49:30.723,6111,TAI_400 @B73477,121250,0000E5FF0200,0.0,-2.7,0.2,
03/12/2020 12:49:30.772,6160,TAI_400 @B73477,121257,090029000A00,0.9,4.1,1.0,
03/12/2020 12:49:30.822,6210,TAI_400 @B73477,121263,E9FFF2FF0000,-2.3,-1.4,0.0,
03/12/2020 12:49:30.870,6258,TAI_400 @B73477,121269,0A0029000B00,1.0,4.1,1.1,
03/12/2020 12:49:30.919,6307,TAI_400 @B73477,121275,DBFF07000100,-3.7,0.7,0.1,
03/12/2020 12:49:30.968,6356,TAI_400 @B73477,121282,1E0010000A00,3.0,1.6,1.0,
03/12/2020 12:49:31.017,6405,TAI_400 @B73477,121288,DAFF07000100,-3.8,0.7,0.1,
03/12/2020 12:49:31.065,6453,TAI_400 @B73477,121294,1E000F000B00,3.0,1.5,1.1,
03/12/2020 12:49:31.114,6502,TAI_400 @B73477,121300,D9FF1C000300,-3.9,2.8,0.3,
03/12/2020 12:49:31.163,6551,TAI_400 @B73477,121307,2000F9FF0800,3.2,-0.7,0.8,
03/12/2020 12:49:31.211,6599,TAI_400 @B73477,121313,D9FF1C000300,-3.9,2.8,0.3,
03/12/2020 12:49:31.260,6648,TAI_400 @B73477,121319,1400E9FF0500,2.0,-2.3,0.5,
03/12/2020 12:49:31.308,6696,TAI_400 @B73477,121325,E4FF2D000600,-2.8,4.5,0.6,
03/12/2020 12:49:31.406,6794,TAI_400 @B73477,121332,1200E8FF0500,1.8,-2.4,0.5,
03/12/2020 12:49:31.455,6843,TAI_400 @B73477,121338,E3FF2C000600,-2.9,4.4,0.6,
03/12/2020 12:49:31.505,6893,TAI_400 @B73477,121344,FEFFE6FF0200,-0.2,-2.6,0.2,
03/12/2020 12:49:31.553,6941,TAI_400 @B73477,121350,F7FF31000900,-0.9,4.9,0.9,
03/12/2020 12:49:31.602,6990,TAI_400 @B73477,121357,FEFFE7FF0100,-0.2,-2.5,0.1,
03/12/2020 12:49:31.651,7039,TAI_400 @B73477,121363,0D0026000B00,1.3,3.8,1.1,
03/12/2020 12:49:31.699,7087,TAI_400 @B73477,121369,E7FFF3FF0100,-2.5,-1.3,0.1,
03/12/2020 12:49:31.747,7135,TAI_400 @B73477,121375,0D0025000A00,1.3,3.7,1.0,
03/12/2020 12:49:31.797,7185,TAI_400 @B73477,121382,E7FFF3FF0000,-2.5,-1.3,0.0,
03/12/2020 12:49:31.845,7233,TAI_400 @B73477,121388,1E000D000A00,3.0,1.3,1.0,
03/12/2020 12:49:31.894,7282,TAI_400 @B73477,121394,D9FF09000100,-3.9,0.9,0.1,
03/12/2020 12:49:31.943,7331,TAI_400 @B73477,121400,1F000C000A00,3.1,1.2,1.0,
03/12/2020 12:49:31.991,7379,TAI_400 @B73477,121407,D9FF1F000300,-3.9,3.1,0.3,
03/12/2020 12:49:32.041,7429,TAI_400 @B73477,121413,2000F7FF0800,3.2,-0.9,0.8,
03/12/2020 12:49:32.089,7477,TAI_400 @B73477,121419,D9FF1F000200,-3.9,3.1,0.2,
03/12/2020 12:49:32.139,7527,TAI_400 @B73477,121425,1F00F6FF0800,3.1,-1.0,0.8,
03/12/2020 12:49:32.188,7576,TAI_400 @B73477,121432,E6FF2D000700,-2.6,4.5,0.7,
03/12/2020 12:49:32.236,7624,TAI_400 @B73477,121438,1000E7FF0400,1.6,-2.5,0.4,
03/12/2020 12:49:32.284,7672,TAI_400 @B73477,121444,E7FF2E000600,-2.5,4.6,0.6,
03/12/2020 12:49:32.332,7720,TAI_400 @B73477,121450,1000E7FF0400,1.6,-2.5,0.4,
03/12/2020 12:49:32.383,7771,TAI_400 @B73477,121457,FBFF32000900,-0.5,5.0,0.9,
03/12/2020 12:49:32.430,7818,TAI_400 @B73477,121463,FAFFE7FF0200,-0.6,-2.5,0.2,
03/12/2020 12:49:32.479,7867,TAI_400 @B73477,121469,FCFF31000900,-0.4,4.9,0.9,
03/12/2020 12:49:32.528,7916,TAI_400 @B73477,121475,E4FFF7FF0000,-2.8,-0.9,0.0,
03/12/2020 12:49:32.674,8062,TAI_400 @B73477,121482,110022000B00,1.7,3.4,1.1,
03/12/2020 12:49:32.674,8062,TAI_400 @B73477,121488,E4FFF7FF0000,-2.8,-0.9,0.0,
03/12/2020 12:49:32.722,8110,TAI_400 @B73477,121494,200009000900,3.2,0.9,0.9,
03/12/2020 12:49:32.771,8159,TAI_400 @B73477,121500,D8FF0E000100,-4.0,1.4,0.1,
03/12/2020 12:49:32.820,8208,TAI_400 @B73477,121507,200009000900,3.2,0.9,0.9,
03/12/2020 12:49:32.869,8257,TAI_400 @B73477,121513,D7FF0E000100,-4.1,1.4,0.1,
03/12/2020 12:49:32.918,8306,TAI_400 @B73477,121519,1F00F4FF0800,3.1,-1.2,0.8,
03/12/2020 12:49:32.967,8355,TAI_400 @B73477,121525,DAFF21000300,-3.8,3.3,0.3,
03/12/2020 12:49:33.015,8403,TAI_400 @B73477,121532,1E00F3FF0700,3.0,-1.3,0.7,
03/12/2020 12:49:33.066,8454,TAI_400 @B73477,121538,DBFF22000400,-3.7,3.4,0.4,
03/12/2020 12:49:33.112,8500,TAI_400 @B73477,121544,0E00E7FF0400,1.4,-2.5,0.4,
03/12/2020 12:49:33.162,8550,TAI_400 @B73477,121550,EAFF2E000700,-2.2,4.6,0.7,
03/12/2020 12:49:33.210,8598,TAI_400 @B73477,121557,0E00E6FF0400,1.4,-2.6,0.4,
03/12/2020 12:49:33.259,8647,TAI_400 @B73477,121563,FEFF30000A00,-0.2,4.8,1.0,
03/12/2020 12:49:33.307,8695,TAI_400 @B73477,121569,F7FFE7FF0100,-0.9,-2.5,0.1,
03/12/2020 12:49:33.356,8744,TAI_400 @B73477,121575,FEFF31000A00,-0.2,4.9,1.0,
03/12/2020 12:49:33.405,8793,TAI_400 @B73477,121582,F7FFE7FF0100,-0.9,-2.5,0.1,
03/12/2020 12:49:33.455,8843,TAI_400 @B73477,121588,13001E000B00,1.9,3.0,1.1,
03/12/2020 12:49:33.503,8891,TAI_400 @B73477,121594,E1FFFBFF0100,-3.1,-0.5,0.1,
03/12/2020 12:49:33.552,8940,TAI_400 @B73477,121600,13001F000B00,1.9,3.1,1.1,
03/12/2020 12:49:33.600,8988,TAI_400 @B73477,121607,D7FF10000200,-4.1,1.6,0.2,
03/12/2020 12:49:33.649,9037,TAI_400 @B73477,121613,200006000A00,3.2,0.6,1.0,
03/12/2020 12:49:33.698,9086,TAI_400 @B73477,121619,D6FF11000100,-4.2,1.7,0.1,
03/12/2020 12:49:33.795,9183,TAI_400 @B73477,121625,200006000900,3.2,0.6,0.9,
03/12/2020 12:49:33.844,9232,TAI_400 @B73477,121632,DDFF23000300,-3.5,3.5,0.3,
03/12/2020 12:49:33.893,9281,TAI_400 @B73477,121638,1D00F0FF0700,2.9,-1.6,0.7,
03/12/2020 12:49:33.942,9330,TAI_400 @B73477,121644,DDFF23000400,-3.5,3.5,0.4,
03/12/2020 12:49:33.990,9378,TAI_400 @B73477,121650,0B00E5FF0300,1.1,-2.7,0.3,
03/12/2020 12:49:34.039,9427,TAI_400 @B73477,121657,ECFF31000700,-2.0,4.9,0.7,
03/12/2020 12:49:34.088,9476,TAI_400 @B73477,121663,0A00E5FF0300,1.0,-2.7,0.3,
03/12/2020 12:49:34.137,9525,TAI_400 @B73477,121669,EBFF31000800,-2.1,4.9,0.8,
03/12/2020 12:49:34.187,9575,TAI_400 @B73477,121675,F3FFEAFF0100,-1.3,-2.2,0.1,
03/12/2020 12:49:34.234,9622,TAI_400 @B73477,121682,00002E000A00,0.0,4.6,1.0,
03/12/2020 12:49:34.282,9670,TAI_400 @B73477,121688,F2FFEAFF0100,-1.4,-2.2,0.1,
03/12/2020 12:49:34.332,9720,TAI_400 @B73477,121694,00002E000A00,0.0,4.6,1.0,
03/12/2020 12:49:34.380,9768,TAI_400 @B73477,121700,DEFFFEFF0000,-3.4,-0.2,0.0,
03/12/2020 12:49:34.428,9816,TAI_400 @B73477,121707,17001C000B00,2.3,2.8,1.1,
03/12/2020 12:49:34.477,9865,TAI_400 @B73477,121713,DDFFFFFF0000,-3.5,-0.1,0.0,
03/12/2020 12:49:34.526,9914,TAI_400 @B73477,121719,220002000900,3.4,0.2,0.9,
03/12/2020 12:49:34.575,9963,TAI_400 @B73477,121725,D7FF14000200,-4.1,2.0,0.2,
03/12/2020 12:49:34.624,10012,TAI_400 @B73477,121732,220001000900,3.4,0.1,0.9,
03/12/2020 12:49:34.672,10060,TAI_400 @B73477,121738,D8FF14000200,-4.0,2.0,0.2,
03/12/2020 12:49:34.722,10110,TAI_400 @B73477,121744,1B00EFFF0600,2.7,-1.7,0.6,
03/12/2020 12:49:34.770,10158,TAI_400 @B73477,121750,DEFF27000400,-3.4,3.9,0.4,
03/12/2020 12:49:34.819,10207,TAI_400 @B73477,121757,1C00EFFF0600,2.8,-1.7,0.6,
03/12/2020 12:49:34.867,10255,TAI_400 @B73477,121763,EEFF31000900,-1.8,4.9,0.9,
03/12/2020 12:49:34.965,10353,TAI_400 @B73477,121769,0700E4FF0200,0.7,-2.8,0.2,
03/12/2020 12:49:35.013,10401,TAI_400 @B73477,121775,EEFF32000800,-1.8,5.0,0.8,
03/12/2020 12:49:35.063,10451,TAI_400 @B73477,121782,0700E4FF0300,0.7,-2.8,0.3,
03/12/2020 12:49:35.111,10499,TAI_400 @B73477,121788,03002C000A00,0.3,4.4,1.0,
03/12/2020 12:49:35.160,10548,TAI_400 @B73477,121794,EFFFEEFF0000,-1.7,-1.8,0.0,
03/12/2020 12:49:35.258,10646,TAI_400 @B73477,121800,04002C000A00,0.4,4.4,1.0,
03/12/2020 12:49:35.258,10646,TAI_400 @B73477,121807,DDFF01000000,-3.5,0.1,0.0,
03/12/2020 12:49:35.306,10694,TAI_400 @B73477,121813,190017000A00,2.5,2.3,1.0,
03/12/2020 12:49:35.355,10743,TAI_400 @B73477,121819,DDFF00000000,-3.5,0.0,0.0,
03/12/2020 12:49:35.405,10793,TAI_400 @B73477,121825,1A0017000A00,2.6,2.3,1.0,
03/12/2020 12:49:35.452,10840,TAI_400 @B73477,121832,D7FF17000200,-4.1,2.3,0.2,
03/12/2020 12:49:35.501,10889,TAI_400 @B73477,121838,2200FEFF0900,3.4,-0.2,0.9,
03/12/2020 12:49:35.550,10938,TAI_400 @B73477,121844,D8FF17000200,-4.0,2.3,0.2,
03/12/2020 12:49:35.601,10989,TAI_400 @B73477,121850,1800ECFF0600,2.4,-2.0,0.6,
03/12/2020 12:49:35.648,11036,TAI_400 @B73477,121857,E0FF29000500,-3.2,4.1,0.5,
03/12/2020 12:49:35.697,11085,TAI_400 @B73477,121863,1800ECFF0600,2.4,-2.0,0.6,
03/12/2020 12:49:35.745,11133,TAI_400 @B73477,121869,E0FF29000400,-3.2,4.1,0.4,
03/12/2020 12:49:35.794,11182,TAI_400 @B73477,121875,0300E4FF0200,0.3,-2.8,0.2,
03/12/2020 12:49:35.843,11231,TAI_400 @B73477,121882,F1FF32000800,-1.5,5.0,0.8,
03/12/2020 12:49:35.892,11280,TAI_400 @B73477,121888,0300E4FF0200,0.3,-2.8,0.2,
03/12/2020 12:49:35.940,11328,TAI_400 @B73477,121894,07002A000A00,0.7,4.2,1.0,
03/12/2020 12:49:35.988,11376,TAI_400 @B73477,121900,EDFFEFFF0000,-1.9,-1.7,0.0,
03/12/2020 12:49:36.039,11427,TAI_400 @B73477,121907,08002A000A00,0.8,4.2,1.0,
03/12/2020 12:49:36.087,11475,TAI_400 @B73477,121913,ECFFF0FF0000,-2.0,-1.6,0.0,
03/12/2020 12:49:36.184,11572,TAI_400 @B73477,121919,1C0014000B00,2.8,2.0,1.1,
03/12/2020 12:49:36.234,11622,TAI_400 @B73477,121925,DBFF03000100,-3.7,0.3,0.1,
03/12/2020 12:49:36.282,11670,TAI_400 @B73477,121932,1C0013000A00,2.8,1.9,1.0,
03/12/2020 12:49:36.330,11719,TAI_400 @B73477,121938,D6FF19000200,-4.2,2.5,0.2,
03/12/2020 12:49:36.379,11767,TAI_400 @B73477,121944,2000FDFF0900,3.2,-0.3,0.9,
03/12/2020 12:49:36.428,11816,TAI_400 @B73477,121950,D7FF1A000200,-4.1,2.6,0.2,
03/12/2020 12:49:36.477,11865,TAI_400 @B73477,121957,2000FCFF0900,3.2,-0.4,0.9,
03/12/2020 12:49:36.525,11913,TAI_400 @B73477,121963,E2FF2C000500,-3.0,4.4,0.5,
03/12/2020 12:49:36.574,11962,TAI_400 @B73477,121969,1500EAFF0500,2.1,-2.2,0.5,
03/12/2020 12:49:36.670,12058,TAI_400 @B73477,121975,E2FF2B000600,-3.0,4.3,0.6,
03/12/2020 12:49:36.671,12059,TAI_400 @B73477,121982,0000E5FF0200,0.0,-2.7,0.2,
03/12/2020 12:49:36.720,12108,TAI_400 @B73477,121988,F5FF31000900,-1.1,4.9,0.9,
03/12/2020 12:49:36.769,12157,TAI_400 @B73477,121994,0000E5FF0200,0.0,-2.7,0.2,
03/12/2020 12:49:36.818,12206,TAI_400 @B73477,122000,F5FF31000900,-1.1,4.9,0.9,
03/12/2020 12:49:36.867,12255,TAI_400 @B73477,122007,E9FFF2FF0000,-2.3,-1.4,0.0,
03/12/2020 12:49:36.916,12304,TAI_400 @B73477,122013,0B0027000A00,1.1,3.9,1.0,
03/12/2020 12:49:36.966,12354,TAI_400 @B73477,122019,E9FFF2FF0100,-2.3,-1.4,0.1,
03/12/2020 12:49:37.013,12401,TAI_400 @B73477,122025,0B0028000B00,1.1,4.0,1.1,
03/12/2020 12:49:37.061,12449,TAI_400 @B73477,122032,D9FF07000100,-3.9,0.7,0.1,
03/12/2020 12:49:37.110,12498,TAI_400 @B73477,122038,1E0010000A00,3.0,1.6,1.0,
03/12/2020 12:49:37.159,12547,TAI_400 @B73477,122044,D9FF08000100,-3.9,0.8,0.1,
03/12/2020 12:49:37.207,12595,TAI_400 @B73477,122050,2000F9FF0800,3.2,-0.7,0.8,
03/12/2020 12:49:37.256,12644,TAI_400 @B73477,122057,D8FF1C000200,-4.0,2.8,0.2,
03/12/2020 12:49:37.354,12743,TAI_400 @B73477,122063,2000F9FF0800,3.2,-0.7,0.8,
03/12/2020 12:49:37.403,12791,TAI_400 @B73477,122069,D8FF1C000200,-4.0,2.8,0.2,
03/12/2020 12:49:37.452,12840,TAI_400 @B73477,122075,1400E8FF0400,2.0,-2.4,0.4,
03/12/2020 12:49:37.500,12888,TAI_400 @B73477,122082,E4FF2C000600,-2.8,4.4,0.6,
03/12/2020 12:49:37.550,12938,TAI_400 @B73477,122088,1200E8FF0500,1.8,-2.4,0.5,
03/12/2020 12:49:37.597,12985,TAI_400 @B73477,122094,F7FF31000900,-0.9,4.9,0.9,
03/12/2020 12:49:37.646,13034,TAI_400 @B73477,122100,FDFFE6FF0200,-0.3,-2.6,0.2,
03/12/2020 12:49:37.695,13083,TAI_400 @B73477,122107,F9FF31000900,-0.7,4.9,0.9,
03/12/2020 12:49:37.744,13132,TAI_400 @B73477,122113,FDFFE6FF0200,-0.3,-2.6,0.2,
03/12/2020 12:49:37.793,13181,TAI_400 @B73477,122119,0E0025000B00,1.4,3.7,1.1,
03/12/2020 12:49:37.842,13230,TAI_400 @B73477,122125,E7FFF4FF0100,-2.5,-1.2,0.1,
03/12/2020 12:49:37.891,13279,TAI_400 @B73477,122132,0E0025000A00,1.4,3.7,1.0,
03/12/2020 12:49:37.939,13327,TAI_400 @B73477,122138,D8FF0B000100,-4.0,1.1,0.1,
03/12/2020 12:49:37.988,13376,TAI_400 @B73477,122144,1E000D000A00,3.0,1.3,1.0,
03/12/2020 12:49:38.037,13425,TAI_400 @B73477,122150,D8FF0B000100,-4.0,1.1,0.1,
03/12/2020 12:49:38.085,13473,TAI_400 @B73477,122157,1E000C000A00,3.0,1.2,1.0,
03/12/2020 12:49:38.133,13521,TAI_400 @B73477,122163,D9FF20000300,-3.9,3.2,0.3,
03/12/2020 12:49:38.182,13570,TAI_400 @B73477,122169,2000F5FF0800,3.2,-1.1,0.8,
03/12/2020 12:49:38.231,13619,TAI_400 @B73477,122175,DAFF1F000300,-3.8,3.1,0.3,
03/12/2020 12:49:38.280,13668,TAI_400 @B73477,122182,1F00F6FF0800,3.1,-1.0,0.8,
03/12/2020 12:49:38.329,13717,TAI_400 @B73477,122188,E7FF2E000700,-2.5,4.6,0.7,
03/12/2020 12:49:38.377,13765,TAI_400 @B73477,122194,1100E7FF0400,1.7,-2.5,0.4,
03/12/2020 12:49:38.427,13815,TAI_400 @B73477,122200,E7FF2D000600,-2.5,4.5,0.6,
03/12/2020 12:49:38.524,13912,TAI_400 @B73477,122207,FAFFE7FF0100,-0.6,-2.5,0.1,
03/12/2020 12:49:38.621,14009,TAI_400 @B73477,122213,FBFF32000900,-0.5,5.0,0.9,
03/12/2020 12:49:38.621,14009,TAI_400 @B73477,122219,F9FFE7FF0100,-0.7,-2.5,0.1,
03/12/2020 12:49:38.670,14058,TAI_400 @B73477,122225,100021000B00,1.6,3.3,1.1,
03/12/2020 12:49:38.719,14107,TAI_400 @B73477,122232,E3FFF8FF0000,-2.9,-0.8,0.0,
03/12/2020 12:49:38.817,14205,TAI_400 @B73477,122238,110022000A00,1.7,3.4,1.0,
03/12/2020 12:49:38.817,14205,TAI_400 @B73477,122244,E3FFF8FF0000,-2.9,-0.8,0.0,
03/12/2020 12:49:38.866,14254,TAI_400 @B73477,122250,200009000A00,3.2,0.9,1.0,
03/12/2020 12:49:38.914,14302,TAI_400 @B73477,122257,D7FF0E000000,-4.1,1.4,0.0,
03/12/2020 12:49:38.963,14351,TAI_400 @B73477,122263,200009000900,3.2,0.9,0.9,
03/12/2020 12:49:39.011,14399,TAI_400 @B73477,122269,D9FF0E000100,-3.9,1.4,0.1,
03/12/2020 12:49:39.061,14449,TAI_400 @B73477,122275,1F00F2FF0700,3.1,-1.4,0.7,
03/12/2020 12:49:39.112,14500,TAI_400 @B73477,122282,DBFF22000400,-3.7,3.4,0.4,
03/12/2020 12:49:39.157,14545,TAI_400 @B73477,122288,1E00F3FF0800,3.0,-1.3,0.8,
03/12/2020 12:49:39.206,14594,TAI_400 @B73477,122294,E9FF30000700,-2.3,4.8,0.7,
03/12/2020 12:49:39.255,14643,TAI_400 @B73477,122300,0D00E6FF0300,1.3,-2.6,0.3,
03/12/2020 12:49:39.305,14693,TAI_400 @B73477,122307,EAFF2F000700,-2.2,4.7,0.7,
03/12/2020 12:49:39.353,14741,TAI_400 @B73477,122313,0C00E6FF0400,1.2,-2.6,0.4,
03/12/2020 12:49:39.402,14790,TAI_400 @B73477,122319,FEFF31000A00,-0.2,4.9,1.0,
03/12/2020 12:49:39.451,14839,TAI_400 @B73477,122325,F5FFE8FF0100,-1.1,-2.4,0.1,
03/12/2020 12:49:39.499,14887,TAI_400 @B73477,122332,FEFF31000900,-0.2,4.9,0.9,
03/12/2020 12:49:39.548,14936,TAI_400 @B73477,122338,E1FFFBFF0000,-3.1,-0.5,0.0,
03/12/2020 12:49:39.596,14984,TAI_400 @B73477,122344,14001E000B00,2.0,3.0,1.1,
03/12/2020 12:49:39.645,15033,TAI_400 @B73477,122350,E1FFFCFF0000,-3.1,-0.4,0.0,
03/12/2020 12:49:39.743,15131,TAI_400 @B73477,122357,15001E000A00,2.1,3.0,1.0,
03/12/2020 12:49:39.791,15179,TAI_400 @B73477,122363,D8FF10000200,-4.0,1.6,0.2,
03/12/2020 12:49:39.840,15228,TAI_400 @B73477,122369,210005000A00,3.3,0.5,1.0,
03/12/2020 12:49:39.889,15277,TAI_400 @B73477,122375,D7FF11000100,-4.1,1.7,0.1,
03/12/2020 12:49:39.938,15326,TAI_400 @B73477,122382,210004000900,3.3,0.4,0.9,
03/12/2020 12:49:39.988,15376,TAI_400 @B73477,122388,DCFF23000400,-3.6,3.5,0.4,
03/12/2020 12:49:40.035,15423,TAI_400 @B73477,122394,1D00F0FF0700,2.9,-1.6,0.7,
03/12/2020 12:49:40.084,15472,TAI_400 @B73477,122400,DDFF23000300,-3.5,3.5,0.3,
03/12/2020 12:49:40.132,15520,TAI_400 @B73477,122407,0A00E6FF0300,1.0,-2.6,0.3,
03/12/2020 12:49:40.181,15569,TAI_400 @B73477,122413,EBFF31000700,-2.1,4.9,0.7,
03/12/2020 12:49:40.230,15618,TAI_400 @B73477,122419,0900E6FF0400,0.9,-2.6,0.4,
03/12/2020 12:49:40.279,15667,TAI_400 @B73477,122425,ECFF31000700,-2.0,4.9,0.7,
03/12/2020 12:49:40.328,15716,TAI_400 @B73477,122432,F3FFEAFF0100,-1.3,-2.2,0.1,
03/12/2020 12:49:40.376,15764,TAI_400 @B73477,122438,01002E000A00,0.1,4.6,1.0,
03/12/2020 12:49:40.426,15813,TAI_400 @B73477,122444,F3FFE9FF0100,-1.3,-2.3,0.1,
03/12/2020 12:49:40.474,15862,TAI_400 @B73477,122450,17001C000B00,2.3,2.8,1.1,
03/12/2020 12:49:40.523,15911,TAI_400 @B73477,122457,DFFFFEFF0000,-3.3,-0.2,0.0,
03/12/2020 12:49:40.572,15960,TAI_400 @B73477,122463,17001C000B00,2.3,2.8,1.1,
03/12/2020 12:49:40.620,16008,TAI_400 @B73477,122469,E0FFFEFF0000,-3.2,-0.2,0.0,
03/12/2020 12:49:40.668,16056,TAI_400 @B73477,122475,210002000900,3.3,0.2,0.9,
03/12/2020 12:49:40.718,16106,TAI_400 @B73477,122482,D7FF13000200,-4.1,1.9,0.2,
03/12/2020 12:49:40.767,16155,TAI_400 @B73477,122488,200002000900,3.2,0.2,0.9,
03/12/2020 12:49:40.816,16204,TAI_400 @B73477,122494,DDFF26000400,-3.5,3.8,0.4,
03/12/2020 12:49:40.914,16302,TAI_400 @B73477,122500,1A00EFFF0700,2.6,-1.7,0.7,
03/12/2020 12:49:40.962,16350,TAI_400 @B73477,122507,DDFF27000400,-3.5,3.9,0.4,
03/12/2020 12:49:41.010,16398,TAI_400 @B73477,122513,1A00EFFF0700,2.6,-1.7,0.7,
03/12/2020 12:49:41.059,16447,TAI_400 @B73477,122519,EEFF31000800,-1.8,4.9,0.8,
03/12/2020 12:49:41.108,16496,TAI_400 @B73477,122525,0800E4FF0200,0.8,-2.8,0.2,
03/12/2020 12:49:41.156,16544,TAI_400 @B73477,122532,EEFF31000800,-1.8,4.9,0.8,
03/12/2020 12:49:41.205,16593,TAI_400 @B73477,122538,F0FFECFF0100,-1.6,-2.0,0.1,
03/12/2020 12:49:41.254,16642,TAI_400 @B73477,122544,04002C000A00,0.4,4.4,1.0,
03/12/2020 12:49:41.303,16691,TAI_400 @B73477,122550,F0FFECFF0000,-1.6,-2.0,0.0,
03/12/2020 12:49:41.351,16739,TAI_400 @B73477,122557,04002C000A00,0.4,4.4,1.0,
03/12/2020 12:49:41.402,16790,TAI_400 @B73477,122563,DDFF00000000,-3.5,0.0,0.0,
03/12/2020 12:49:41.449,16837,TAI_400 @B73477,122569,190018000A00,2.5,2.4,1.0,
03/12/2020 12:49:41.498,16886,TAI_400 @B73477,122575,DDFF00000100,-3.5,0.0,0.1,
03/12/2020 12:49:41.546,16934,TAI_400 @B73477,122582,200000000900,3.2,0.0,0.9,
03/12/2020 12:49:41.595,16983,TAI_400 @B73477,122588,D6FF16000200,-4.2,2.2,0.2,
03/12/2020 12:49:41.644,17032,TAI_400 @B73477,122594,2100FFFF0900,3.3,-0.1,0.9,
03/12/2020 12:49:41.693,17081,TAI_400 @B73477,122600,D6FF17000200,-4.2,2.3,0.2,
03/12/2020 12:49:41.741,17129,TAI_400 @B73477,122607,1900ECFF0600,2.5,-2.0,0.6,
03/12/2020 12:49:41.790,17178,TAI_400 @B73477,122613,E0FF28000500,-3.2,4.0,0.5,
03/12/2020 12:49:41.840,17228,TAI_400 @B73477,122619,1800ECFF0600,2.4,-2.0,0.6,
03/12/2020 12:49:41.888,17276,TAI_400 @B73477,122625,E0FF28000400,-3.2,4.0,0.4,
03/12/2020 12:49:41.937,17325,TAI_400 @B73477,122632,0400E4FF0200,0.4,-2.8,0.2,
03/12/2020 12:49:41.985,17373,TAI_400 @B73477,122638,F2FF32000800,-1.4,5.0,0.8,
03/12/2020 12:49:42.035,17423,TAI_400 @B73477,122644,0400E4FF0200,0.4,-2.8,0.2,
03/12/2020 12:49:42.132,17520,TAI_400 @B73477,122650,07002C000B00,0.7,4.4,1.1,
03/12/2020 12:49:42.182,17570,TAI_400 @B73477,122657,EEFFEFFF0000,-1.8,-1.7,0.0,
03/12/2020 12:49:42.229,17617,TAI_400 @B73477,122663,07002B000B00,0.7,4.3,1.1,
03/12/2020 12:49:42.278,17666,TAI_400 @B73477,122669,DBFF04000100,-3.7,0.4,0.1,
03/12/2020 12:49:42.326,17714,TAI_400 @B73477,122675,190015000A00,2.5,2.1,1.0,
03/12/2020 12:49:42.375,17763,TAI_400 @B73477,122682,DCFF03000000,-3.6,0.3,0.0,
03/12/2020 12:49:42.424,17812,TAI_400 @B73477,122688,1A0015000A00,2.6,2.1,1.0,
03/12/2020 12:49:42.473,17861,TAI_400 @B73477,122694,D7FF19000200,-4.1,2.5,0.2,
03/12/2020 12:49:42.523,17911,TAI_400 @B73477,122700,2000FDFF0900,3.2,-0.3,0.9,
03/12/2020 12:49:42.571,17959,TAI_400 @B73477,122707,D8FF19000200,-4.0,2.5,0.2,
03/12/2020 12:49:42.621,18009,TAI_400 @B73477,122713,2200FDFF0900,3.4,-0.3,0.9,
03/12/2020 12:49:42.668,18056,TAI_400 @B73477,122719,E1FF2A000500,-3.1,4.2,0.5,
03/12/2020 12:49:42.717,18105,TAI_400 @B73477,122725,1700EBFF0600,2.3,-2.1,0.6,
03/12/2020 12:49:42.766,18154,TAI_400 @B73477,122732,E1FF2A000500,-3.1,4.2,0.5,
03/12/2020 12:49:42.814,18202,TAI_400 @B73477,122738,0100E4FF0200,0.1,-2.8,0.2,
03/12/2020 12:49:42.862,18250,TAI_400 @B73477,122744,F4FF32000900,-1.2,5.0,0.9,
03/12/2020 12:49:42.911,18299,TAI_400 @B73477,122750,0000E4FF0200,0.0,-2.8,0.2,
03/12/2020 12:49:42.960,18348,TAI_400 @B73477,122757,F5FF32000900,-1.1,5.0,0.9,
03/12/2020 12:49:43.009,18397,TAI_400 @B73477,122763,E9FFF1FF0000,-2.3,-1.5,0.0,
03/12/2020 12:49:43.057,18445,TAI_400 @B73477,122769,0A0029000A00,1.0,4.1,1.0,
03/12/2020 12:49:43.107,18495,TAI_400 @B73477,122775,E9FFF2FF0000,-2.3,-1.4,0.0,
03/12/2020 12:49:43.155,18543,TAI_400 @B73477,122782,1D0010000A00,2.9,1.6,1.0,
03/12/2020 12:49:43.205,18593,TAI_400 @B73477,122788,DAFF07000100,-3.8,0.7,0.1,
03/12/2020 12:49:43.301,18689,TAI_400 @B73477,122794,1E000F000B00,3.0,1.5,1.1,
03/12/2020 12:49:43.349,18737,TAI_400 @B73477,122800,DAFF07000000,-3.8,0.7,0.0,
03/12/2020 12:49:43.398,18786,TAI_400 @B73477,122807,2100F9FF0900,3.3,-0.7,0.9,
03/12/2020 12:49:43.447,18835,TAI_400 @B73477,122813,D9FF1C000200,-3.9,2.8,0.2,
03/12/2020 12:49:43.496,18884,TAI_400 @B73477,122819,2100F9FF0800,3.3,-0.7,0.8,
03/12/2020 12:49:43.545,18933,TAI_400 @B73477,122825,E3FF2C000600,-2.9,4.4,0.6,
03/12/2020 12:49:43.595,18983,TAI_400 @B73477,122832,1500E9FF0400,2.1,-2.3,0.4,
03/12/2020 12:49:43.643,19031,TAI_400 @B73477,122838,E4FF2C000600,-2.8,4.4,0.6,
03/12/2020 12:49:43.691,19079,TAI_400 @B73477,122844,1300E8FF0400,1.9,-2.4,0.4,
03/12/2020 12:49:43.740,19128,TAI_400 @B73477,122850,F6FF31000900,-1.0,4.9,0.9,
03/12/2020 12:49:43.791,19179,TAI_400 @B73477,122857,FDFFE7FF0200,-0.3,-2.5,0.2,
03/12/2020 12:49:43.838,19226,TAI_400 @B73477,122863,F7FF32000900,-0.9,5.0,0.9,
03/12/2020 12:49:43.886,19274,TAI_400 @B73477,122869,FDFFE7FF0200,-0.3,-2.5,0.2,
03/12/2020 12:49:43.935,19323,TAI_400 @B73477,122875,0D0026000B00,1.3,3.8,1.1,
03/12/2020 12:49:43.985,19373,TAI_400 @B73477,122882,E7FFF4FF0000,-2.5,-1.2,0.0,
03/12/2020 12:49:44.033,19421,TAI_400 @B73477,122888,0E0026000A00,1.4,3.8,1.0,
03/12/2020 12:49:44.082,19470,TAI_400 @B73477,122894,D9FF0A000100,-3.9,1.0,0.1,
03/12/2020 12:49:44.131,19519,TAI_400 @B73477,122900,20000D000A00,3.2,1.3,1.0,
03/12/2020 12:49:44.179,19567,TAI_400 @B73477,122907,D9FF0A000100,-3.9,1.0,0.1,
03/12/2020 12:49:44.228,19616,TAI_400 @B73477,122913,1F000D000A00,3.1,1.3,1.0,
03/12/2020 12:49:44.277,19665,TAI_400 @B73477,122919,D9FF1E000300,-3.9,3.0,0.3,
03/12/2020 12:49:44.325,19713,TAI_400 @B73477,122925,2000F7FF0900,3.2,-0.9,0.9,
03/12/2020 12:49:44.373,19761,TAI_400 @B73477,122932,D9FF1E000300,-3.9,3.0,0.3,
03/12/2020 12:49:44.471,19859,TAI_400 @B73477,122938,1100E7FF0400,1.7,-2.5,0.4,
03/12/2020 12:49:44.520,19908,TAI_400 @B73477,122944,E5FF2F000700,-2.7,4.7,0.7,
03/12/2020 12:49:44.569,19957,TAI_400 @B73477,122950,1000E7FF0400,1.6,-2.5,0.4,
03/12/2020 12:49:44.618,20006,TAI_400 @B73477,122957,E7FF2E000700,-2.5,4.6,0.7,
03/12/2020 12:49:44.666,20054,TAI_400 @B73477,122963,F9FFE7FF0200,-0.7,-2.5,0.2,
03/12/2020 12:49:44.716,20104,TAI_400 @B73477,122969,FBFF31000900,-0.5,4.9,0.9,
03/12/2020 12:49:44.765,20153,TAI_400 @B73477,122975,F9FFE7FF0100,-0.7,-2.5,0.1,
03/12/2020 12:49:44.813,20201,TAI_400 @B73477,122982,110021000B00,1.7,3.3,1.1,
03/12/2020 12:49:44.862,20250,TAI_400 @B73477,122988,E4FFF7FF0000,-2.8,-0.9,0.0,
03/12/2020 12:49:44.959,20347,TAI_400 @B73477,122994,110022000A00,1.7,3.4,1.0,
03/12/2020 12:49:44.960,20348,TAI_400 @B73477,123000,E4FFF7FF0000,-2.8,-0.9,0.0,
03/12/2020 12:49:45.007,20395,TAI_400 @B73477,123007,1F0009000A00,3.1,0.9,1.0,
03/12/2020 12:49:45.056,20444,TAI_400 @B73477,123013,D8FF0E000200,-4.0,1.4,0.2,
03/12/2020 12:49:45.105,20493,TAI_400 @B73477,123019,200009000900,3.2,0.9,0.9,
03/12/2020 12:49:45.154,20542,TAI_400 @B73477,123025,DAFF21000300,-3.8,3.3,0.3,
03/12/2020 12:49:45.203,20591,TAI_400 @B73477,123032,1E00F4FF0800,3.0,-1.2,0.8,
03/12/2020 12:49:45.251,20639,TAI_400 @B73477,123038,DAFF20000300,-3.8,3.2,0.3,
03/12/2020 12:49:45.300,20688,TAI_400 @B73477,123044,1E00F4FF0700,3.0,-1.2,0.7,
03/12/2020 12:49:45.349,20737,TAI_400 @B73477,123050,E8FF2E000700,-2.4,4.6,0.7,
03/12/2020 12:49:45.398,20786,TAI_400 @B73477,123057,0E00E7FF0400,1.4,-2.5,0.4,
03/12/2020 12:49:45.447,20835,TAI_400 @B73477,123063,E9FF2F000700,-2.3,4.7,0.7,
03/12/2020 12:49:45.496,20884,TAI_400 @B73477,123069,F8FFE7FF0200,-0.8,-2.5,0.2,
03/12/2020 12:49:45.544,20932,TAI_400 @B73477,123075,FEFF31000900,-0.2,4.9,0.9,
03/12/2020 12:49:45.592,20980,TAI_400 @B73477,123082,F7FFE7FF0100,-0.9,-2.5,0.1,
03/12/2020 12:49:45.690,21078,TAI_400 @B73477,123088,FEFF31000A00,-0.2,4.9,1.0,
03/12/2020 12:49:45.739,21127,TAI_400 @B73477,123094,E1FFFBFF0000,-3.1,-0.5,0.0,
03/12/2020 12:49:45.788,21176,TAI_400 @B73477,123100,14001F000A00,2.0,3.1,1.0,
03/12/2020 12:49:45.836,21224,TAI_400 @B73477,123107,E0FFFCFF0000,-3.2,-0.4,0.0,
03/12/2020 12:49:45.885,21273,TAI_400 @B73477,123113,200007000A00,3.2,0.7,1.0,
03/12/2020 12:49:45.934,21322,TAI_400 @B73477,123119,D6FF11000100,-4.2,1.7,0.1,
03/12/2020 12:49:45.983,21371,TAI_400 @B73477,123125,200006000900,3.2,0.6,0.9,
03/12/2020 12:49:46.032,21420,TAI_400 @B73477,123132,D7FF11000200,-4.1,1.7,0.2,
03/12/2020 12:49:46.080,21468,TAI_400 @B73477,123138,1C00F1FF0700,2.8,-1.5,0.7,
03/12/2020 12:49:46.129,21517,TAI_400 @B73477,123144,DCFF24000400,-3.6,3.6,0.4,
03/12/2020 12:49:46.177,21565,TAI_400 @B73477,123150,1C00F0FF0700,2.8,-1.6,0.7,
03/12/2020 12:49:46.226,21614,TAI_400 @B73477,123157,EBFF31000800,-2.1,4.9,0.8,
03/12/2020 12:49:46.275,21663,TAI_400 @B73477,123163,0A00E4FF0400,1.0,-2.8,0.4,
03/12/2020 12:49:46.324,21712,TAI_400 @B73477,123169,EBFF30000800,-2.1,4.8,0.8,
03/12/2020 12:49:46.373,21761,TAI_400 @B73477,123175,0A00E5FF0400,1.0,-2.7,0.4,
03/12/2020 12:49:46.422,21810,TAI_400 @B73477,123182,00002E000A00,0.0,4.6,1.0,
03/12/2020 12:49:46.470,21858,TAI_400 @B73477,123188,F3FFE9FF0100,-1.3,-2.3,0.1,
03/12/2020 12:49:46.519,21907,TAI_400 @B73477,123194,00002E000A00,0.0,4.6,1.0,
03/12/2020 12:49:46.568,21956,TAI_400 @B73477,123200,F2FFEAFF0100,-1.4,-2.2,0.1,
03/12/2020 12:49:46.616,22004,TAI_400 @B73477,123207,16001C000A00,2.2,2.8,1.0,
03/12/2020 12:49:46.665,22053,TAI_400 @B73477,123213,DDFFFFFF0000,-3.5,-0.1,0.0,
03/12/2020 12:49:46.714,22102,TAI_400 @B73477,123219,16001C000A00,2.2,2.8,1.0,
03/12/2020 12:49:46.763,22151,TAI_400 @B73477,123225,D6FF13000200,-4.2,1.9,0.2,
03/12/2020 12:49:46.860,22248,TAI_400 @B73477,123232,200002000900,3.2,0.2,0.9,
03/12/2020 12:49:46.910,22298,TAI_400 @B73477,123238,D7FF13000200,-4.1,1.9,0.2,
03/12/2020 12:49:46.958,22346,TAI_400 @B73477,123244,200002000900,3.2,0.2,0.9,
03/12/2020 12:49:47.007,22395,TAI_400 @B73477,123250,DEFF26000400,-3.4,3.8,0.4,
03/12/2020 12:49:47.056,22444,TAI_400 @B73477,123257,1A00EEFF0700,2.6,-1.8,0.7,
03/12/2020 12:49:47.104,22492,TAI_400 @B73477,123263,DEFF26000400,-3.4,3.8,0.4,
03/12/2020 12:49:47.153,22541,TAI_400 @B73477,123269,0700E4FF0300,0.7,-2.8,0.3,
03/12/2020 12:49:47.200,22588,TAI_400 @B73477,123275,EEFF31000800,-1.8,4.9,0.8,
03/12/2020 12:49:47.250,22638,TAI_400 @B73477,123282,0700E4FF0300,0.7,-2.8,0.3,
03/12/2020 12:49:47.299,22687,TAI_400 @B73477,123288,EEFF32000800,-1.8,5.0,0.8,
03/12/2020 12:49:47.348,22736,TAI_400 @B73477,123294,F0FFECFF0100,-1.6,-2.0,0.1,
03/12/2020 12:49:47.396,22784,TAI_400 @B73477,123300,03002C000A00,0.3,4.4,1.0,
03/12/2020 12:49:47.445,22833,TAI_400 @B73477,123307,EEFFEDFF0000,-1.8,-1.9,0.0,
03/12/2020 12:49:47.494,22882,TAI_400 @B73477,123313,180018000A00,2.4,2.4,1.0,
03/12/2020 12:49:47.543,22931,TAI_400 @B73477,123319,DCFF01000000,-3.6,0.1,0.0,
03/12/2020 12:49:47.591,22979,TAI_400 @B73477,123325,190018000B00,2.5,2.4,1.1,
03/12/2020 12:49:47.640,23028,TAI_400 @B73477,123332,DBFF02000100,-3.7,0.2,0.1,
03/12/2020 12:49:47.689,23077,TAI_400 @B73477,123338,210000000900,3.3,0.0,0.9,
03/12/2020 12:49:47.737,23125,TAI_400 @B73477,123344,D7FF17000200,-4.1,2.3,0.2,
03/12/2020 12:49:47.786,23174,TAI_400 @B73477,123350,2200FEFF0900,3.4,-0.2,0.9,
03/12/2020 12:49:47.835,23223,TAI_400 @B73477,123357,D8FF17000200,-4.0,2.3,0.2,
03/12/2020 12:49:47.884,23272,TAI_400 @B73477,123363,1800EDFF0700,2.4,-1.9,0.7,
03/12/2020 12:49:47.934,23322,TAI_400 @B73477,123369,E0FF28000400,-3.2,4.0,0.4,
03/12/2020 12:49:48.030,23418,TAI_400 @B73477,123375,1800ECFF0600,2.4,-2.0,0.6,
03/12/2020 12:49:48.079,23467,TAI_400 @B73477,123382,F0FF32000900,-1.6,5.0,0.9,
03/12/2020 12:49:48.128,23516,TAI_400 @B73477,123388,0300E4FF0300,0.3,-2.8,0.3,
03/12/2020 12:49:48.176,23564,TAI_400 @B73477,123394,F1FF32000900,-1.5,5.0,0.9,
03/12/2020 12:49:48.225,23613,TAI_400 @B73477,123400,EBFFEFFF0000,-2.1,-1.7,0.0,
03/12/2020 12:49:48.273,23661,TAI_400 @B73477,123407,07002B000A00,0.7,4.3,1.0,
03/12/2020 12:49:48.322,23710,TAI_400 @B73477,123413,ECFFEFFF0000,-2.0,-1.7,0.0,
03/12/2020 12:49:48.371,23759,TAI_400 @B73477,123419,07002A000B00,0.7,4.2,1.1,
03/12/2020 12:49:48.420,23808,TAI_400 @B73477,123425,DBFF02000100,-3.7,0.2,0.1,
03/12/2020 12:49:48.469,23857,TAI_400 @B73477,123432,1B0013000B00,2.7,1.9,1.1,
03/12/2020 12:49:48.518,23906,TAI_400 @B73477,123438,DBFF03000100,-3.7,0.3,0.1,
03/12/2020 12:49:48.566,23954,TAI_400 @B73477,123444,1C0013000A00,2.8,1.9,1.0,
03/12/2020 12:49:48.615,24003,TAI_400 @B73477,123450,D8FF19000200,-4.0,2.5,0.2,
03/12/2020 12:49:48.664,24052,TAI_400 @B73477,123457,2100FCFF0900,3.3,-0.4,0.9,
03/12/2020 12:49:48.712,24100,TAI_400 @B73477,123463,D7FF19000200,-4.1,2.5,0.2,
03/12/2020 12:49:48.761,24149,TAI_400 @B73477,123469,1700EBFF0600,2.3,-2.1,0.6,
03/12/2020 12:49:48.810,24198,TAI_400 @B73477,123475,E0FF2A000500,-3.2,4.2,0.5,
03/12/2020 12:49:48.859,24247,TAI_400 @B73477,123482,1600EBFF0500,2.2,-2.1,0.5,
03/12/2020 12:49:48.908,24296,TAI_400 @B73477,123488,E1FF2A000600,-3.1,4.2,0.6,
03/12/2020 12:49:48.958,24346,TAI_400 @B73477,123494,0000E4FF0200,0.0,-2.8,0.2,
03/12/2020 12:49:49.005,24393,TAI_400 @B73477,123500,F4FF31000900,-1.2,4.9,0.9,
03/12/2020 12:49:49.054,24442,TAI_400 @B73477,123507,0000E5FF0200,0.0,-2.7,0.2,
03/12/2020 12:49:49.103,24491,TAI_400 @B73477,123513,0B0029000A00,1.1,4.1,1.0,
03/12/2020 12:49:49.152,24540,TAI_400 @B73477,123519,E9FFF1FF0000,-2.3,-1.5,0.0,
03/12/2020 12:49:49.248,24636,TAI_400 @B73477,123525,0A0029000B00,1.0,4.1,1.1,
03/12/2020 12:49:49.297,24685,TAI_400 @B73477,123532,EAFFF1FF0000,-2.2,-1.5,0.0,
03/12/2020 12:49:49.347,24735,TAI_400 @B73477,123538,1E0010000B00,3.0,1.6,1.1,
03/12/2020 12:49:49.395,24783,TAI_400 @B73477,123544,D9FF07000100,-3.9,0.7,0.1,
03/12/2020 12:49:49.444,24832,TAI_400 @B73477,123550,1E0010000B00,3.0,1.6,1.1,
03/12/2020 12:49:49.493,24881,TAI_400 @B73477,123557,D8FF1C000300,-4.0,2.8,0.3,
03/12/2020 12:49:49.542,24930,TAI_400 @B73477,123563,2000F9FF0900,3.2,-0.7,0.9,
03/12/2020 12:49:49.590,24978,TAI_400 @B73477,123569,D8FF1C000200,-4.0,2.8,0.2,
03/12/2020 12:49:49.639,25027,TAI_400 @B73477,123575,1F00F9FF0800,3.1,-0.7,0.8,
03/12/2020 12:49:49.688,25076,TAI_400 @B73477,123582,E4FF2C000600,-2.8,4.4,0.6,
03/12/2020 12:49:49.736,25124,TAI_400 @B73477,123588,1300E9FF0500,1.9,-2.3,0.5,
03/12/2020 12:49:49.785,25173,TAI_400 @B73477,123594,E3FF2C000700,-2.9,4.4,0.7,
03/12/2020 12:49:49.834,25222,TAI_400 @B73477,123600,FEFFE6FF0200,-0.2,-2.6,0.2,
03/12/2020 12:49:49.882,25270,TAI_400 @B73477,123607,F7FF31000900,-0.9,4.9,0.9,
03/12/2020 12:49:49.980,25368,TAI_400 @B73477,123613,FEFFE5FF0200,-0.2,-2.7,0.2,
03/12/2020 12:49:49.980,25368,TAI_400 @B73477,123619,F8FF31000900,-0.8,4.9,0.9,
03/12/2020 12:49:50.029,25417,TAI_400 @B73477,123625,E7FFF4FF0100,-2.5,-1.2,0.1,
03/12/2020 12:49:50.078,25466,TAI_400 @B73477,123632,0E0024000A00,1.4,3.6,1.0,
03/12/2020 12:49:50.127,25515,TAI_400 @B73477,123638,E6FFF5FF0000,-2.6,-1.1,0.0,
03/12/2020 12:49:50.175,25563,TAI_400 @B73477,123644,1E000B000A00,3.0,1.1,1.0,
03/12/2020 12:49:50.224,25612,TAI_400 @B73477,123650,D8FF0B000100,-4.0,1.1,0.1,
03/12/2020 12:49:50.272,25660,TAI_400 @B73477,123657,1F000B000B00,3.1,1.1,1.1,
03/12/2020 12:49:50.321,25709,TAI_400 @B73477,123663,D8FF0B000100,-4.0,1.1,0.1,
03/12/2020 12:49:50.419,25807,TAI_400 @B73477,123669,1F00F6FF0900,3.1,-1.0,0.9,
03/12/2020 12:49:50.468,25856,TAI_400 @B73477,123675,D9FF1F000300,-3.9,3.1,0.3,
03/12/2020 12:49:50.517,25905,TAI_400 @B73477,123682,1F00F5FF0800,3.1,-1.1,0.8,
03/12/2020 12:49:50.565,25953,TAI_400 @B73477,123688,D9FF20000300,-3.9,3.2,0.3,
03/12/2020 12:49:50.614,26002,TAI_400 @B73477,123694,1000E7FF0400,1.6,-2.5,0.4,
03/12/2020 12:49:50.663,26051,TAI_400 @B73477,123700,E7FF2E000700,-2.5,4.6,0.7,
03/12/2020 12:49:50.712,26100,TAI_400 @B73477,123707,1000E7FF0400,1.6,-2.5,0.4,
03/12/2020 12:49:50.760,26148,TAI_400 @B73477,123713,FBFF31000900,-0.5,4.9,0.9,
03/12/2020 12:49:50.808,26196,TAI_400 @B73477,123719,F9FFE7FF0100,-0.7,-2.5,0.1,
03/12/2020 12:49:50.857,26245,TAI_400 @B73477,123725,FCFF31000900,-0.4,4.9,0.9,
03/12/2020 12:49:50.906,26294,TAI_400 @B73477,123732,F9FFE7FF0200,-0.7,-2.5,0.2,
03/12/2020 12:49:50.955,26343,TAI_400 @B73477,123738,100022000B00,1.6,3.4,1.1,
03/12/2020 12:49:51.007,26395,TAI_400 @B73477,123744,E2FFF8FF0000,-3.0,-0.8,0.0,
03/12/2020 12:49:51.053,26441,TAI_400 @B73477,123750,100021000B00,1.6,3.3,1.1,
03/12/2020 12:49:51.102,26490,TAI_400 @B73477,123757,D7FF0E000100,-4.1,1.4,0.1,
03/12/2020 12:49:51.150,26538,TAI_400 @B73477,123763,200009000B00,3.2,0.9,1.1,
03/12/2020 12:49:51.199,26587,TAI_400 @B73477,123769,D8FF0E000200,-4.0,1.4,0.2,
03/12/2020 12:49:51.252,26640,TAI_400 @B73477,123775,200009000A00,3.2,0.9,1.0,
03/12/2020 12:49:51.296,26684,TAI_400 @B73477,123782,DBFF21000400,-3.7,3.3,0.4,
03/12/2020 12:49:51.345,26733,TAI_400 @B73477,123788,1E00F4FF0800,3.0,-1.2,0.8,
03/12/2020 12:49:51.394,26782,TAI_400 @B73477,123794,DAFF22000400,-3.8,3.4,0.4,
03/12/2020 12:49:51.443,26831,TAI_400 @B73477,123800,0E00E6FF0400,1.4,-2.6,0.4,
03/12/2020 12:49:51.491,26879,TAI_400 @B73477,123807,E9FF2F000700,-2.3,4.7,0.7,
03/12/2020 12:49:51.590,26978,TAI_400 @B73477,123813,0E00E6FF0400,1.4,-2.6,0.4,
03/12/2020 12:49:51.638,27026,TAI_400 @B73477,123819,E9FF2E000700,-2.3,4.6,0.7,
03/12/2020 12:49:51.687,27075,TAI_400 @B73477,123825,F7FFE7FF0100,-0.9,-2.5,0.1,
03/12/2020 12:49:51.735,27123,TAI_400 @B73477,123832,FDFF30000900,-0.3,4.8,0.9,
03/12/2020 12:49:51.784,27172,TAI_400 @B73477,123838,F5FFE8FF0200,-1.1,-2.4,0.2,
03/12/2020 12:49:51.832,27220,TAI_400 @B73477,123844,13001F000B00,1.9,3.1,1.1,
03/12/2020 12:49:51.882,27270,TAI_400 @B73477,123850,E0FFFBFF0100,-3.2,-0.5,0.1,
03/12/2020 12:49:51.931,27319,TAI_400 @B73477,123857,13001E000B00,1.9,3.0,1.1,
03/12/2020 12:49:51.979,27367,TAI_400 @B73477,123863,E0FFFCFF0100,-3.2,-0.4,0.1,
03/12/2020 12:49:52.028,27416,TAI_400 @B73477,123869,220006000A00,3.4,0.6,1.0,
03/12/2020 12:49:52.076,27464,TAI_400 @B73477,123875,D8FF10000200,-4.0,1.6,0.2,
03/12/2020 12:49:52.126,27514,TAI_400 @B73477,123882,210005000900,3.3,0.5,0.9,
03/12/2020 12:49:52.174,27562,TAI_400 @B73477,123888,DCFF23000400,-3.6,3.5,0.4,
03/12/2020 12:49:52.224,27612,TAI_400 @B73477,123894,1C00F0FF0700,2.8,-1.6,0.7,
03/12/2020 12:49:52.271,27659,TAI_400 @B73477,123900,DCFF24000400,-3.6,3.6,0.4,
03/12/2020 12:49:52.320,27708,TAI_400 @B73477,123907,1C00F0FF0700,2.8,-1.6,0.7,
03/12/2020 12:49:52.369,27757,TAI_400 @B73477,123913,EBFF30000700,-2.1,4.8,0.7,
03/12/2020 12:49:52.417,27805,TAI_400 @B73477,123919,0A00E6FF0300,1.0,-2.6,0.3,
03/12/2020 12:49:52.466,27854,TAI_400 @B73477,123925,EAFF31000700,-2.2,4.9,0.7,
03/12/2020 12:49:52.515,27903,TAI_400 @B73477,123932,0900E5FF0400,0.9,-2.7,0.4,
03/12/2020 12:49:52.564,27952,TAI_400 @B73477,123938,00002E000A00,0.0,4.6,1.0,
03/12/2020 12:49:52.613,28001,TAI_400 @B73477,123944,F2FFEAFF0100,-1.4,-2.2,0.1,
03/12/2020 12:49:52.661,28049,TAI_400 @B73477,123950,01002E000A00,0.1,4.6,1.0,
03/12/2020 12:49:52.710,28098,TAI_400 @B73477,123957,DEFFFEFF0000,-3.4,-0.2,0.0,
03/12/2020 12:49:52.808,28196,TAI_400 @B73477,123963,17001A000B00,2.3,2.6,1.1,
03/12/2020 12:49:52.856,28244,TAI_400 @B73477,123969,DFFFFEFF0000,-3.3,-0.2,0.0,
03/12/2020 12:49:52.905,28293,TAI_400 @B73477,123975,210002000900,3.3,0.2,0.9,
03/12/2020 12:49:52.954,28342,TAI_400 @B73477,123982,D7FF14000200,-4.1,2.0,0.2,
03/12/2020 12:49:53.004,28392,TAI_400 @B73477,123988,210001000A00,3.3,0.1,1.0,
03/12/2020 12:49:53.052,28440,TAI_400 @B73477,123994,D7FF13000200,-4.1,1.9,0.2,
03/12/2020 12:49:53.100,28488,TAI_400 @B73477,124000,1A00EFFF0700,2.6,-1.7,0.7,
03/12/2020 12:49:53.149,28537,TAI_400 @B73477,124007,DDFF26000400,-3.5,3.8,0.4,
03/12/2020 12:49:53.198,28586,TAI_400 @B73477,124013,1A00EFFF0700,2.6,-1.7,0.7,
03/12/2020 12:49:53.247,28635,TAI_400 @B73477,124019,DDFF27000400,-3.5,3.9,0.4,
03/12/2020 12:49:53.296,28684,TAI_400 @B73477,124025,0700E4FF0300,0.7,-2.8,0.3,
03/12/2020 12:49:53.344,28732,TAI_400 @B73477,124032,EEFF31000800,-1.8,4.9,0.8,
03/12/2020 12:49:53.393,28781,TAI_400 @B73477,124038,0700E4FF0200,0.7,-2.8,0.2,
03/12/2020 12:49:53.441,28829,TAI_400 @B73477,124044,04002C000A00,0.4,4.4,1.0,
03/12/2020 12:49:53.491,28879,TAI_400 @B73477,124050,F0FFEBFF0000,-1.6,-2.1,0.0,
03/12/2020 12:49:53.540,28928,TAI_400 @B73477,124057,04002C000A00,0.4,4.4,1.0,
03/12/2020 12:49:53.588,28976,TAI_400 @B73477,124063,F0FFEDFF0100,-1.6,-1.9,0.1,
03/12/2020 12:49:53.637,29025,TAI_400 @B73477,124069,190018000A00,2.5,2.4,1.0,
03/12/2020 12:49:53.685,29073,TAI_400 @B73477,124075,DDFF00000000,-3.5,0.0,0.0,
03/12/2020 12:49:53.735,29123,TAI_400 @B73477,124082,180017000A00,2.4,2.3,1.0,
03/12/2020 12:49:53.783,29171,TAI_400 @B73477,124088,D7FF16000200,-4.1,2.2,0.2,
03/12/2020 12:49:53.832,29220,TAI_400 @B73477,124094,2000FFFF0900,3.2,-0.1,0.9,
03/12/2020 12:49:53.880,29268,TAI_400 @B73477,124100,D6FF16000200,-4.2,2.2,0.2,
03/12/2020 12:49:53.978,29366,TAI_400 @B73477,124107,210000000900,3.3,0.0,0.9,
03/12/2020 12:49:54.026,29414,TAI_400 @B73477,124113,DFFF28000400,-3.3,4.0,0.4,
03/12/2020 12:49:54.075,29463,TAI_400 @B73477,124119,1800EDFF0600,2.4,-1.9,0.6,
03/12/2020 12:49:54.124,29512,TAI_400 @B73477,124125,DFFF28000500,-3.3,4.0,0.5,
03/12/2020 12:49:54.173,29561,TAI_400 @B73477,124132,1800ECFF0200,2.4,-2.0,0.2,
03/12/2020 12:49:54.221,29609,TAI_400 @B73477,124138,F1FF32000900,-1.5,5.0,0.9,
03/12/2020 12:49:54.270,29658,TAI_400 @B73477,124144,0400E4FF0300,0.4,-2.8,0.3,
03/12/2020 12:49:54.319,29707,TAI_400 @B73477,124150,F1FF32000900,-1.5,5.0,0.9,
03/12/2020 12:49:54.368,29756,TAI_400 @B73477,124157,EDFFEEFF0000,-1.9,-1.8,0.0,
03/12/2020 12:49:54.416,29804,TAI_400 @B73477,124163,07002B000A00,0.7,4.3,1.0,
03/12/2020 12:49:54.465,29853,TAI_400 @B73477,124169,EDFFEEFF0100,-1.9,-1.8,0.1,
03/12/2020 12:49:54.513,29901,TAI_400 @B73477,124175,07002A000A00,0.7,4.2,1.0,
03/12/2020 12:49:54.562,29950,TAI_400 @B73477,124182,DBFF02000100,-3.7,0.2,0.1,
03/12/2020 12:49:54.611,29999,TAI_400 @B73477,124188,1A0015000B00,2.6,2.1,1.1,
03/12/2020 12:49:54.660,30048,TAI_400 @B73477,124194,DAFF03000100,-3.8,0.3,0.1,
03/12/2020 12:49:54.709,30097,TAI_400 @B73477,124200,2100FDFF0900,3.3,-0.3,0.9,
03/12/2020 12:49:54.758,30146,TAI_400 @B73477,124207,D7FF18000200,-4.1,2.4,0.2,
03/12/2020 12:49:54.807,30195,TAI_400 @B73477,124213,2000FCFF0900,3.2,-0.4,0.9,
03/12/2020 12:49:54.855,30243,TAI_400 @B73477,124219,D6FF19000200,-4.2,2.5,0.2,
03/12/2020 12:49:54.904,30292,TAI_400 @B73477,124225,1700EAFF0500,2.3,-2.2,0.5,
03/12/2020 12:49:54.953,30341,TAI_400 @B73477,124232,E2FF2A000500,-3.0,4.2,0.5,
03/12/2020 12:49:55.002,30390,TAI_400 @B73477,124238,1500EAFF0500,2.1,-2.2,0.5,
03/12/2020 12:49:55.050,30438,TAI_400 @B73477,124244,F5FF31000900,-1.1,4.9,0.9,
03/12/2020 12:49:55.099,30486,TAI_400 @B73477,124250,0100E5FF0200,0.1,-2.7,0.2,
03/12/2020 12:49:55.198,30586,TAI_400 @B73477,124257,F5FF31000900,-1.1,4.9,0.9,
03/12/2020 12:49:55.245,30633,TAI_400 @B73477,124263,0000E5FF0200,0.0,-2.7,0.2,
03/12/2020 12:49:55.294,30682,TAI_400 @B73477,124269,090028000A00,0.9,4.0,1.0,
03/12/2020 12:49:55.343,30731,TAI_400 @B73477,124275,E9FFF2FF0000,-2.3,-1.4,0.0,
03/12/2020 12:49:55.391,30779,TAI_400 @B73477,124282,090028000B00,0.9,4.0,1.1,
03/12/2020 12:49:55.441,30829,TAI_400 @B73477,124288,DAFF07000100,-3.8,0.7,0.1,
03/12/2020 12:49:55.489,30877,TAI_400 @B73477,124294,1C0010000A00,2.8,1.6,1.0,
03/12/2020 12:49:55.538,30926,TAI_400 @B73477,124300,D9FF07000100,-3.9,0.7,0.1,
03/12/2020 12:49:55.586,30974,TAI_400 @B73477,124307,1C0010000A00,2.8,1.6,1.0,
03/12/2020 12:49:55.634,31022,TAI_400 @B73477,124313,D9FF1B000200,-3.9,2.7,0.2,
03/12/2020 12:49:55.684,31072,TAI_400 @B73477,124319,2100F9FF0900,3.3,-0.7,0.9,
03/12/2020 12:49:55.733,31121,TAI_400 @B73477,124325,D9FF1C000300,-3.9,2.8,0.3,
03/12/2020 12:49:55.783,31171,TAI_400 @B73477,124332,1400E8FF0500,2.0,-2.4,0.5,
03/12/2020 12:49:55.830,31218,TAI_400 @B73477,124338,E4FF2C000700,-2.8,4.4,0.7,
03/12/2020 12:49:55.879,31267,TAI_400 @B73477,124344,1400E8FF0500,2.0,-2.4,0.5,
03/12/2020 12:49:55.928,31316,TAI_400 @B73477,124350,E4FF2C000500,-2.8,4.4,0.5,
03/12/2020 12:49:55.976,31364,TAI_400 @B73477,124357,FDFFE7FF0200,-0.3,-2.5,0.2,
03/12/2020 12:49:56.025,31413,TAI_400 @B73477,124363,F7FF31000900,-0.9,4.9,0.9,
03/12/2020 12:49:56.074,31462,TAI_400 @B73477,124369,FEFFE7FF0200,-0.2,-2.5,0.2,
03/12/2020 12:49:56.122,31510,TAI_400 @B73477,124375,0C0025000B00,1.2,3.7,1.1,
03/12/2020 12:49:56.172,31560,TAI_400 @B73477,124382,E7FFF4FF0100,-2.5,-1.2,0.1,
03/12/2020 12:49:56.221,31609,TAI_400 @B73477,124388,0D0025000B00,1.3,3.7,1.1,
03/12/2020 12:49:56.269,31657,TAI_400 @B73477,124394,E6FFF3FF0000,-2.6,-1.3,0.0,
03/12/2020 12:49:56.366,31754,TAI_400 @B73477,124400,1F000D000A00,3.1,1.3,1.0,
03/12/2020 12:49:56.415,31803,TAI_400 @B73477,124407,D9FF09000000,-3.9,0.9,0.0,
03/12/2020 12:49:56.466,31854,TAI_400 @B73477,124413,1F000B000A00,3.1,1.1,1.0,
03/12/2020 12:49:56.512,31900,TAI_400 @B73477,124419,D8FF0B000100,-4.0,1.1,0.1,
03/12/2020 12:49:56.562,31950,TAI_400 @B73477,124425,2000F7FF0800,3.2,-0.9,0.8,
03/12/2020 12:49:56.610,31998,TAI_400 @B73477,124432,D9FF1E000300,-3.9,3.0,0.3,
03/12/2020 12:49:56.659,32047,TAI_400 @B73477,124438,1F00F5FF0800,3.1,-1.1,0.8,
03/12/2020 12:49:56.708,32096,TAI_400 @B73477,124444,E6FF2E000700,-2.6,4.6,0.7,
03/12/2020 12:49:56.758,32146,TAI_400 @B73477,124450,1000E7FF0400,1.6,-2.5,0.4,
03/12/2020 12:49:56.806,32194,TAI_400 @B73477,124457,E6FF2D000700,-2.6,4.5,0.7,
03/12/2020 12:49:56.854,32242,TAI_400 @B73477,124463,1000E7FF0400,1.6,-2.5,0.4,
03/12/2020 12:49:56.903,32291,TAI_400 @B73477,124469,FAFF32000A00,-0.6,5.0,1.0,
03/12/2020 12:49:56.951,32340,TAI_400 @B73477,124475,FAFFE7FF0100,-0.6,-2.5,0.1,
03/12/2020 12:49:57.000,32388,TAI_400 @B73477,124482,F9FF32000900,-0.7,5.0,0.9,
03/12/2020 12:49:57.048,32437,TAI_400 @B73477,124488,E4FFF7FF0000,-2.8,-0.9,0.0,
03/12/2020 12:49:57.097,32485,TAI_400 @B73477,124494,100022000B00,1.6,3.4,1.1,
03/12/2020 12:49:57.146,32534,TAI_400 @B73477,124500,E4FFF6FF0100,-2.8,-1.0,0.1,
03/12/2020 12:49:57.195,32583,TAI_400 @B73477,124507,110022000B00,1.7,3.4,1.1,
03/12/2020 12:49:57.244,32632,TAI_400 @B73477,124513,D9FF0D000100,-3.9,1.3,0.1,
03/12/2020 12:49:57.293,32681,TAI_400 @B73477,124519,200009000A00,3.2,0.9,1.0,
03/12/2020 12:49:57.342,32730,TAI_400 @B73477,124525,D8FF0D000100,-4.0,1.3,0.1,
03/12/2020 12:49:57.390,32778,TAI_400 @B73477,124532,200009000A00,3.2,0.9,1.0,
03/12/2020 12:49:57.439,32827,TAI_400 @B73477,124538,DAFF20000300,-3.8,3.2,0.3,
03/12/2020 12:49:57.537,32925,TAI_400 @B73477,124544,1E00F3FF0800,3.0,-1.3,0.8,
03/12/2020 12:49:57.586,32974,TAI_400 @B73477,124550,DAFF21000300,-3.8,3.3,0.3,
03/12/2020 12:49:57.634,33022,TAI_400 @B73477,124557,0E00E7FF0400,1.4,-2.5,0.4,
03/12/2020 12:49:57.682,33070,TAI_400 @B73477,124563,E8FF2F000700,-2.4,4.7,0.7,
03/12/2020 12:49:57.731,33119,TAI_400 @B73477,124569,0D00E6FF0400,1.3,-2.6,0.4,
03/12/2020 12:49:57.780,33168,TAI_400 @B73477,124575,FDFF31000A00,-0.3,4.9,1.0,
03/12/2020 12:49:57.829,33217,TAI_400 @B73477,124582,F7FFE7FF0100,-0.9,-2.5,0.1,
03/12/2020 12:49:57.878,33266,TAI_400 @B73477,124588,FDFF31000900,-0.3,4.9,0.9,
03/12/2020 12:49:57.927,33315,TAI_400 @B73477,124594,F7FFE7FF0100,-0.9,-2.5,0.1,
03/12/2020 12:49:57.975,33363,TAI_400 @B73477,124600,14001F000B00,2.0,3.1,1.1,
03/12/2020 12:49:58.025,33413,TAI_400 @B73477,124607,E2FFFAFF0000,-3.0,-0.6,0.0,
03/12/2020 12:49:58.073,33461,TAI_400 @B73477,124613,13001E000B00,1.9,3.0,1.1,
03/12/2020 12:49:58.122,33510,TAI_400 @B73477,124619,E2FFFBFF0100,-3.0,-0.5,0.1,
03/12/2020 12:49:58.170,33558,TAI_400 @B73477,124625,200007000900,3.2,0.7,0.9,
03/12/2020 12:49:58.218,33606,TAI_400 @B73477,124632,D7FF10000100,-4.1,1.6,0.1,
03/12/2020 12:49:58.267,33655,TAI_400 @B73477,124638,1F0006000A00,3.1,0.6,1.0,
03/12/2020 12:49:58.317,33706,TAI_400 @B73477,124644,DBFF24000400,-3.7,3.6,0.4,
03/12/2020 12:49:58.365,33753,TAI_400 @B73477,124650,1D00F2FF0700,2.9,-1.4,0.7,
03/12/2020 12:49:58.415,33803,TAI_400 @B73477,124657,DBFF23000300,-3.7,3.5,0.3,
03/12/2020 12:49:58.463,33851,TAI_400 @B73477,124663,1C00F1FF0700,2.8,-1.5,0.7,
03/12/2020 12:49:58.511,33899,TAI_400 @B73477,124669,EBFF30000700,-2.1,4.8,0.7,
03/12/2020 12:49:58.560,33948,TAI_400 @B73477,124675,0B00E5FF0300,1.1,-2.7,0.3,
03/12/2020 12:49:58.609,33997,TAI_400 @B73477,124682,EBFF30000800,-2.1,4.8,0.8,
03/12/2020 12:49:58.658,34046,TAI_400 @B73477,124688,F5FFE9FF0100,-1.1,-2.3,0.1,
03/12/2020 12:49:58.756,34144,TAI_400 @B73477,124694,00002F000900,0.0,4.7,0.9,
03/12/2020 12:49:58.804,34192,TAI_400 @B73477,124700,F4FFE9FF0000,-1.2,-2.3,0.0,
03/12/2020 12:49:58.852,34240,TAI_400 @B73477,124707,00002E000A00,0.0,4.6,1.0,
03/12/2020 12:49:58.901,34289,TAI_400 @B73477,124713,DEFFFEFF0000,-3.4,-0.2,0.0,
03/12/2020 12:49:58.950,34338,TAI_400 @B73477,124719,15001C000B00,2.1,2.8,1.1,
03/12/2020 12:49:58.999,34387,TAI_400 @B73477,124725,DEFFFEFF0000,-3.4,-0.2,0.0,
03/12/2020 12:49:59.047,34435,TAI_400 @B73477,124732,200003000A00,3.2,0.3,1.0,
03/12/2020 12:49:59.097,34485,TAI_400 @B73477,124738,D6FF13000200,-4.2,1.9,0.2,
03/12/2020 12:49:59.145,34533,TAI_400 @B73477,124744,210003000A00,3.3,0.3,1.0,
03/12/2020 12:49:59.195,34583,TAI_400 @B73477,124750,D6FF13000200,-4.2,1.9,0.2,
03/12/2020 12:49:59.242,34630,TAI_400 @B73477,124757,1B00EFFF0700,2.7,-1.7,0.7,
03/12/2020 12:49:59.291,34679,TAI_400 @B73477,124763,DEFF25000400,-3.4,3.7,0.4,
03/12/2020 12:49:59.341,34729,TAI_400 @B73477,124769,1A00F0FF0700,2.6,-1.6,0.7,
03/12/2020 12:49:59.389,34777,TAI_400 @B73477,124775,EEFF31000800,-1.8,4.9,0.8,
03/12/2020 12:49:59.437,34825,TAI_400 @B73477,124782,0700E4FF0300,0.7,-2.8,0.3,
03/12/2020 12:49:59.488,34876,TAI_400 @B73477,124788,EEFF31000800,-1.8,4.9,0.8,
03/12/2020 12:49:59.535,34923,TAI_400 @B73477,124794,0800E4FF0300,0.8,-2.8,0.3,
03/12/2020 12:49:59.584,34972,TAI_400 @B73477,124800,02002C000B00,0.2,4.4,1.1,
03/12/2020 12:49:59.633,35021,TAI_400 @B73477,124807,F1FFECFF0000,-1.5,-2.0,0.0,
03/12/2020 12:49:59.681,35069,TAI_400 @B73477,124813,02002C000A00,0.2,4.4,1.0,
03/12/2020 12:49:59.730,35118,TAI_400 @B73477,124819,F0FF00000000,-1.6,0.0,0.0,
03/12/2020 12:49:59.779,35167,TAI_400 @B73477,124825,170019000B00,2.3,2.5,1.1,
03/12/2020 12:49:59.828,35216,TAI_400 @B73477,124832,DDFF00000100,-3.5,0.0,0.1,
03/12/2020 12:49:59.926,35314,TAI_400 @B73477,124838,190019000B00,2.5,2.5,1.1,
03/12/2020 12:49:59.975,35363,TAI_400 @B73477,124844,D7FF15000100,-4.1,2.1,0.1,
03/12/2020 12:50:00.023,35411,TAI_400 @B73477,124850,210000000900,3.3,0.0,0.9,
03/12/2020 12:50:00.072,35460,TAI_400 @B73477,124857,D8FF16000200,-4.0,2.2,0.2,
03/12/2020 12:50:00.121,35509,TAI_400 @B73477,124863,220000000900,3.4,0.0,0.9,
03/12/2020 12:50:00.169,35557,TAI_400 @B73477,124869,E0FF27000400,-3.2,3.9,0.4,
03/12/2020 12:50:00.218,35606,TAI_400 @B73477,124875,1900EDFF0700,2.5,-1.9,0.7,
03/12/2020 12:50:00.266,35654,TAI_400 @B73477,124882,DFFF27000500,-3.3,3.9,0.5,
03/12/2020 12:50:00.315,35703,TAI_400 @B73477,124888,0400E4FF0200,0.4,-2.8,0.2,
03/12/2020 12:50:00.363,35751,TAI_400 @B73477,124894,F0FF33000900,-1.6,5.1,0.9,
03/12/2020 12:50:00.412,35800,TAI_400 @B73477,124900,0400E4FF0200,0.4,-2.8,0.2,
03/12/2020 12:50:00.461,35849,TAI_400 @B73477,124907,F0FF32000900,-1.6,5.0,0.9,
03/12/2020 12:50:00.510,35898,TAI_400 @B73477,124913,EDFFEFFF0000,-1.9,-1.7,0.0,
03/12/2020 12:50:00.559,35947,TAI_400 @B73477,124919,06002B000B00,0.6,4.3,1.1,
03/12/2020 12:50:00.607,35995,TAI_400 @B73477,124925,EDFFEFFF0000,-1.9,-1.7,0.0,
03/12/2020 12:50:00.656,36044,TAI_400 @B73477,124932,1A0015000A00,2.6,2.1,1.0,
03/12/2020 12:50:00.705,36093,TAI_400 @B73477,124938,DCFF02000000,-3.6,0.2,0.0,
03/12/2020 12:50:00.754,36142,TAI_400 @B73477,124944,1A0015000A00,2.6,2.1,1.0,
03/12/2020 12:50:00.803,36191,TAI_400 @B73477,124950,DCFF02000100,-3.6,0.2,0.1,
03/12/2020 12:50:00.851,36239,TAI_400 @B73477,124957,2100FCFF0900,3.3,-0.4,0.9,
03/12/2020 12:50:00.900,36288,TAI_400 @B73477,124963,D9FF18000200,-3.9,2.4,0.2,
03/12/2020 12:50:00.948,36336,TAI_400 @B73477,124969,2200FDFF0900,3.4,-0.3,0.9,
03/12/2020 12:50:00.998,36386,TAI_400 @B73477,124975,D7FF19000500,-4.1,2.5,0.5,
03/12/2020 12:50:01.095,36483,TAI_400 @B73477,124982,1700EAFF0600,2.3,-2.2,0.6,
03/12/2020 12:50:01.144,36532,TAI_400 @B73477,124988,E1FF2A000500,-3.1,4.2,0.5,
03/12/2020 12:50:01.192,36580,TAI_400 @B73477,124994,1700EAFF0600,2.3,-2.2,0.6,
03/12/2020 12:50:01.243,36631,TAI_400 @B73477,125000,F3FF32000900,-1.3,5.0,0.9,
03/12/2020 12:50:01.291,36679,TAI_400 @B73477,125007,0000E5FF0200,0.0,-2.7,0.2,
03/12/2020 12:50:01.339,36727,TAI_400 @B73477,125013,F3FF32000900,-1.3,5.0,0.9,
03/12/2020 12:50:01.388,36776,TAI_400 @B73477,125019,EBFFF1FF0100,-2.1,-1.5,0.1,
03/12/2020 12:50:01.436,36824,TAI_400 @B73477,125025,0A0029000B00,1.0,4.1,1.1,
03/12/2020 12:50:01.485,36873,TAI_400 @B73477,125032,EBFFF1FF0000,-2.1,-1.5,0.0,
03/12/2020 12:50:01.533,36921,TAI_400 @B73477,125038,0A0028000B00,1.0,4.0,1.1,
03/12/2020 12:50:01.583,36971,TAI_400 @B73477,125044,DAFF06000000,-3.8,0.6,0.0,
03/12/2020 12:50:01.632,37020,TAI_400 @B73477,125050,1D0010000A00,2.9,1.6,1.0,
03/12/2020 12:50:01.680,37068,TAI_400 @B73477,125057,D9FF06000100,-3.9,0.6,0.1,
03/12/2020 12:50:01.729,37117,TAI_400 @B73477,125063,2100FAFF0900,3.3,-0.6,0.9,
03/12/2020 12:50:01.777,37165,TAI_400 @B73477,125069,D8FF1C000200,-4.0,2.8,0.2,
03/12/2020 12:50:01.828,37216,TAI_400 @B73477,125075,2000F9FF0800,3.2,-0.7,0.8,
03/12/2020 12:50:01.875,37263,TAI_400 @B73477,125082,D8FF1C000300,-4.0,2.8,0.3,
03/12/2020 12:50:01.924,37312,TAI_400 @B73477,125088,1400E9FF0500,2.0,-2.3,0.5,
03/12/2020 12:50:01.973,37361,TAI_400 @B73477,125094,E3FF2C000500,-2.9,4.4,0.5,
03/12/2020 12:50:02.022,37410,TAI_400 @B73477,125100,1200E8FF0400,1.8,-2.4,0.4,
03/12/2020 12:50:02.070,37458,TAI_400 @B73477,125107,E3FF2C000600,-2.9,4.4,0.6,
03/12/2020 12:50:02.120,37508,TAI_400 @B73477,125113,FEFFE6FF0200,-0.2,-2.6,0.2,
03/12/2020 12:50:02.168,37556,TAI_400 @B73477,125119,F7FF31000900,-0.9,4.9,0.9,
03/12/2020 12:50:02.267,37655,TAI_400 @B73477,125125,FEFFE6FF0200,-0.2,-2.6,0.2,
03/12/2020 12:50:02.314,37702,TAI_400 @B73477,125132,0D0025000A00,1.3,3.7,1.0,
03/12/2020 12:50:02.363,37751,TAI_400 @B73477,125138,E7FFF3FF0000,-2.5,-1.3,0.0,
03/12/2020 12:50:02.411,37799,TAI_400 @B73477,125144,0D0025000B00,1.3,3.7,1.1,
03/12/2020 12:50:02.460,37848,TAI_400 @B73477,125150,E7FFF4FF0000,-2.5,-1.2,0.0,
03/12/2020 12:50:02.509,37897,TAI_400 @B73477,125157,1E000C000900,3.0,1.2,0.9,
03/12/2020 12:50:02.558,37946,TAI_400 @B73477,125163,D9FF0A000100,-3.9,1.0,0.1,
03/12/2020 12:50:02.606,37994,TAI_400 @B73477,125169,1E000D000A00,3.0,1.3,1.0,
03/12/2020 12:50:02.655,38043,TAI_400 @B73477,125175,D8FF1E000300,-4.0,3.0,0.3,
03/12/2020 12:50:02.704,38092,TAI_400 @B73477,125182,2000F7FF0800,3.2,-0.9,0.8,
03/12/2020 12:50:02.752,38140,TAI_400 @B73477,125188,D9FF1E000300,-3.9,3.0,0.3,
03/12/2020 12:50:02.802,38190,TAI_400 @B73477,125194,1F00F7FF0800,3.1,-0.9,0.8,
03/12/2020 12:50:02.851,38239,TAI_400 @B73477,125200,E5FF2E000600,-2.7,4.6,0.6,
03/12/2020 12:50:02.899,38287,TAI_400 @B73477,125207,1200E7FF0400,1.8,-2.5,0.4,
03/12/2020 12:50:02.948,38336,TAI_400 @B73477,125213,E6FF2D000600,-2.6,4.5,0.6,
03/12/2020 12:50:02.997,38385,TAI_400 @B73477,125219,FBFFE6FF0100,-0.5,-2.6,0.1,
03/12/2020 12:50:03.093,38481,TAI_400 @B73477,125225,FAFF31000900,-0.6,4.9,0.9,
03/12/2020 12:50:03.094,38482,TAI_400 @B73477,125232,FBFFE7FF0100,-0.5,-2.5,0.1,
03/12/2020 12:50:03.142,38530,TAI_400 @B73477,125238,FBFF31000900,-0.5,4.9,0.9,
03/12/2020 12:50:03.192,38580,TAI_400 @B73477,125244,E4FFF6FF0100,-2.8,-1.0,0.1,
03/12/2020 12:50:03.241,38629,TAI_400 @B73477,125250,100023000B00,1.6,3.5,1.1,
03/12/2020 12:50:03.289,38677,TAI_400 @B73477,125257,E4FFF7FF0000,-2.8,-0.9,0.0,
03/12/2020 12:50:03.338,38726,TAI_400 @B73477,125263,0F0022000A00,1.5,3.4,1.0,
03/12/2020 12:50:03.389,38777,TAI_400 @B73477,125269,D7FF0D000100,-4.1,1.3,0.1,
03/12/2020 12:50:03.484,38872,TAI_400 @B73477,125275,1F000A000900,3.1,1.0,0.9,
03/12/2020 12:50:03.533,38921,TAI_400 @B73477,125282,D8FF0D000100,-4.0,1.3,0.1,
03/12/2020 12:50:03.582,38970,TAI_400 @B73477,125288,1F00F4FF0800,3.1,-1.2,0.8,
03/12/2020 12:50:03.630,39018,TAI_400 @B73477,125294,DBFF20000300,-3.7,3.2,0.3,
03/12/2020 12:50:03.678,39066,TAI_400 @B73477,125300,1F00F4FF0800,3.1,-1.2,0.8,
03/12/2020 12:50:03.728,39116,TAI_400 @B73477,125307,DAFF20000300,-3.8,3.2,0.3,
03/12/2020 12:50:03.778,39166,TAI_400 @B73477,125313,0F00E7FF0400,1.5,-2.5,0.4,
03/12/2020 12:50:03.825,39213,TAI_400 @B73477,125319,E8FF2E000700,-2.4,4.6,0.7,
03/12/2020 12:50:03.875,39263,TAI_400 @B73477,125325,0F00E7FF0400,1.5,-2.5,0.4,
03/12/2020 12:50:03.923,39311,TAI_400 @B73477,125332,FCFF31000A00,-0.4,4.9,1.0,
03/12/2020 12:50:03.972,39360,TAI_400 @B73477,125338,F8FFE7FF0100,-0.8,-2.5,0.1,
03/12/2020 12:50:04.020,39408,TAI_400 @B73477,125344,FCFF31000900,-0.4,4.9,0.9,
03/12/2020 12:50:04.069,39457,TAI_400 @B73477,125350,F7FFE8FF0100,-0.9,-2.4,0.1,
03/12/2020 12:50:04.118,39506,TAI_400 @B73477,125357,12001F000B00,1.8,3.1,1.1,
03/12/2020 12:50:04.167,39555,TAI_400 @B73477,125363,E1FFFAFF0000,-3.1,-0.6,0.0,
03/12/2020 12:50:04.215,39603,TAI_400 @B73477,125369,13001F000A00,1.9,3.1,1.0,
03/12/2020 12:50:04.264,39652,TAI_400 @B73477,125375,D7FF0F000200,-4.1,1.5,0.2,
03/12/2020 12:50:04.312,39700,TAI_400 @B73477,125382,200007000900,3.2,0.7,0.9,
03/12/2020 12:50:04.361,39749,TAI_400 @B73477,125388,D7FF0F000100,-4.1,1.5,0.1,
03/12/2020 12:50:04.410,39798,TAI_400 @B73477,125394,210006000900,3.3,0.6,0.9,
03/12/2020 12:50:04.459,39847,TAI_400 @B73477,125400,DBFF23000400,-3.7,3.5,0.4,
03/12/2020 12:50:04.508,39896,TAI_400 @B73477,125407,1E00F1FF0700,3.0,-1.5,0.7,
03/12/2020 12:50:04.556,39944,TAI_400 @B73477,125413,DCFF23000400,-3.6,3.5,0.4,
03/12/2020 12:50:04.606,39994,TAI_400 @B73477,125419,0B00E6FF0400,1.1,-2.6,0.4,
03/12/2020 12:50:04.703,40091,TAI_400 @B73477,125425,EBFF30000700,-2.1,4.8,0.7,
03/12/2020 12:50:04.751,40139,TAI_400 @B73477,125432,0B00E5FF0300,1.1,-2.7,0.3,
03/12/2020 12:50:04.800,40188,TAI_400 @B73477,125438,EAFF30000700,-2.2,4.8,0.7,
03/12/2020 12:50:04.849,40237,TAI_400 @B73477,125444,F4FFE9FF0100,-1.2,-2.3,0.1,
03/12/2020 12:50:04.898,40286,TAI_400 @B73477,125450,FFFF2F000900,-0.1,4.7,0.9,
03/12/2020 12:50:04.995,40383,TAI_400 @B73477,125457,F5FFE9FF0100,-1.1,-2.3,0.1,
03/12/2020 12:50:04.995,40383,TAI_400 @B73477,125463,15001D000A00,2.1,2.9,1.0,
03/12/2020 12:50:05.044,40432,TAI_400 @B73477,125469,E0FFFDFF0000,-3.2,-0.3,0.0,
03/12/2020 12:50:05.093,40481,TAI_400 @B73477,125475,15001D000A00,2.1,2.9,1.0,
03/12/2020 12:50:05.142,40530,TAI_400 @B73477,125482,E0FFFDFF0000,-3.2,-0.3,0.0,
03/12/2020 12:50:05.191,40579,TAI_400 @B73477,125488,210004000900,3.3,0.4,0.9,
03/12/2020 12:50:05.238,40626,TAI_400 @B73477,125494,D8FF11000100,-4.0,1.7,0.1,
03/12/2020 12:50:05.287,40675,TAI_400 @B73477,125500,210003000900,3.3,0.3,0.9,
03/12/2020 12:50:05.336,40724,TAI_400 @B73477,125507,DDFF25000400,-3.5,3.7,0.4,
03/12/2020 12:50:05.387,40775,TAI_400 @B73477,125513,1C00F0FF0700,2.8,-1.6,0.7,
03/12/2020 12:50:05.434,40822,TAI_400 @B73477,125519,DDFF25000400,-3.5,3.7,0.4,
03/12/2020 12:50:05.483,40871,TAI_400 @B73477,125525,1C00F0FF0700,2.8,-1.6,0.7,
03/12/2020 12:50:05.532,40920,TAI_400 @B73477,125532,ECFF31000700,-2.0,4.9,0.7,
03/12/2020 12:50:05.580,40968,TAI_400 @B73477,125538,0900E5FF0400,0.9,-2.7,0.4,
03/12/2020 12:50:05.629,41017,TAI_400 @B73477,125544,EDFF31000800,-1.9,4.9,0.8,
03/12/2020 12:50:05.677,41065,TAI_400 @B73477,125550,0700E4FF0300,0.7,-2.8,0.3,
03/12/2020 12:50:05.726,41114,TAI_400 @B73477,125557,02002E000A00,0.2,4.6,1.0,
03/12/2020 12:50:05.775,41163,TAI_400 @B73477,125563,F2FFEBFF0100,-1.4,-2.1,0.1,
03/12/2020 12:50:05.873,41261,TAI_400 @B73477,125569,02002E000A00,0.2,4.6,1.0,
03/12/2020 12:50:05.922,41310,TAI_400 @B73477,125575,DEFF00000000,-3.4,0.0,0.0,
03/12/2020 12:50:05.971,41359,TAI_400 @B73477,125582,190019000A00,2.5,2.5,1.0,
03/12/2020 12:50:06.019,41407,TAI_400 @B73477,125588,DEFF00000000,-3.4,0.0,0.0,
03/12/2020 12:50:06.068,41456,TAI_400 @B73477,125594,170019000B00,2.3,2.5,1.1,
03/12/2020 12:50:06.116,41504,TAI_400 @B73477,125600,D7FF15000100,-4.1,2.1,0.1,
03/12/2020 12:50:06.165,41553,TAI_400 @B73477,125607,220000000900,3.4,0.0,0.9,
03/12/2020 12:50:06.214,41602,TAI_400 @B73477,125613,D7FF15000200,-4.1,2.1,0.2,
03/12/2020 12:50:06.262,41650,TAI_400 @B73477,125619,1900EEFF0600,2.5,-1.8,0.6,
03/12/2020 12:50:06.311,41699,TAI_400 @B73477,125625,DEFF27000400,-3.4,3.9,0.4,
03/12/2020 12:50:06.359,41748,TAI_400 @B73477,125632,1900EEFF0700,2.5,-1.8,0.7,
03/12/2020 12:50:06.409,41797,TAI_400 @B73477,125638,DEFF27000400,-3.4,3.9,0.4,
03/12/2020 12:50:06.458,41846,TAI_400 @B73477,125644,0500E4FF0200,0.5,-2.8,0.2,
03/12/2020 12:50:06.507,41895,TAI_400 @B73477,125650,F0FF31000800,-1.6,4.9,0.8,
03/12/2020 12:50:06.555,41943,TAI_400 @B73477,125657,0500E4FF0200,0.5,-2.8,0.2,
03/12/2020 12:50:06.604,41992,TAI_400 @B73477,125663,05002B000A00,0.5,4.3,1.0,
03/12/2020 12:50:06.653,42041,TAI_400 @B73477,125669,EEFFEEFF0100,-1.8,-1.8,0.1,
03/12/2020 12:50:06.702,42090,TAI_400 @B73477,125675,06002B000B00,0.6,4.3,1.1,
03/12/2020 12:50:06.751,42139,TAI_400 @B73477,125682,EEFFEEFF0100,-1.8,-1.8,0.1,
03/12/2020 12:50:06.799,42187,TAI_400 @B73477,125688,190017000B00,2.5,2.3,1.1,
03/12/2020 12:50:06.847,42236,TAI_400 @B73477,125694,DCFF02000000,-3.6,0.2,0.0,
03/12/2020 12:50:06.896,42284,TAI_400 @B73477,125700,1A0016000A00,2.6,2.2,1.0,
03/12/2020 12:50:06.945,42333,TAI_400 @B73477,125707,DBFF02000000,-3.7,0.2,0.0,
03/12/2020 12:50:07.043,42431,TAI_400 @B73477,125713,2000FEFF0900,3.2,-0.2,0.9,
03/12/2020 12:50:07.092,42480,TAI_400 @B73477,125719,D6FF17000200,-4.2,2.3,0.2,
03/12/2020 12:50:07.143,42531,TAI_400 @B73477,125725,2000FEFF0900,3.2,-0.2,0.9,
03/12/2020 12:50:07.189,42577,TAI_400 @B73477,125732,E0FF2A000400,-3.2,4.2,0.4,
03/12/2020 12:50:07.238,42626,TAI_400 @B73477,125738,1700EBFF0600,2.3,-2.1,0.6,
03/12/2020 12:50:07.286,42674,TAI_400 @B73477,125744,E1FF2A000500,-3.1,4.2,0.5,
03/12/2020 12:50:07.335,42723,TAI_400 @B73477,125750,0200E4FF0200,0.2,-2.8,0.2,
03/12/2020 12:50:07.384,42772,TAI_400 @B73477,125757,F3FF31000900,-1.3,4.9,0.9,
03/12/2020 12:50:07.432,42820,TAI_400 @B73477,125763,0200E4FF0200,0.2,-2.8,0.2,
03/12/2020 12:50:07.481,42869,TAI_400 @B73477,125769,F4FF31000900,-1.2,4.9,0.9,
03/12/2020 12:50:07.530,42918,TAI_400 @B73477,125775,EAFFF0FF0100,-2.2,-1.6,0.1,
03/12/2020 12:50:07.579,42967,TAI_400 @B73477,125782,09002A000A00,0.9,4.2,1.0,
03/12/2020 12:50:07.628,43016,TAI_400 @B73477,125788,EBFFF1FF0000,-2.1,-1.5,0.0,
03/12/2020 12:50:07.677,43065,TAI_400 @B73477,125794,090029000A00,0.9,4.1,1.0,
03/12/2020 12:50:07.727,43115,TAI_400 @B73477,125800,DAFF05000000,-3.8,0.5,0.0,
03/12/2020 12:50:07.774,43162,TAI_400 @B73477,125807,1C0012000A00,2.8,1.8,1.0,
03/12/2020 12:50:07.822,43210,TAI_400 @B73477,125813,DAFF06000100,-3.8,0.6,0.1,
03/12/2020 12:50:07.872,43260,TAI_400 @B73477,125819,2000FBFF0900,3.2,-0.5,0.9,
03/12/2020 12:50:07.920,43308,TAI_400 @B73477,125825,D8FF1B000200,-4.0,2.7,0.2,
03/12/2020 12:50:07.968,43356,TAI_400 @B73477,125832,2100FAFF0900,3.3,-0.6,0.9,
03/12/2020 12:50:08.018,43406,TAI_400 @B73477,125838,D8FF1B000200,-4.0,2.7,0.2,
03/12/2020 12:50:08.066,43454,TAI_400 @B73477,125844,1500E9FF0500,2.1,-2.3,0.5,
03/12/2020 12:50:08.115,43503,TAI_400 @B73477,125850,E2FF2C000600,-3.0,4.4,0.6,
03/12/2020 12:50:08.164,43552,TAI_400 @B73477,125857,1500E9FF0500,2.1,-2.3,0.5,
03/12/2020 12:50:08.261,43649,TAI_400 @B73477,125863,F5FF31000900,-1.1,4.9,0.9,
03/12/2020 12:50:08.310,43698,TAI_400 @B73477,125869,FFFFE6FF0200,-0.1,-2.6,0.2,
03/12/2020 12:50:08.409,43797,TAI_400 @B73477,125875,F5FF31000900,-1.1,4.9,0.9,
03/12/2020 12:50:08.410,43798,TAI_400 @B73477,125882,FFFFE6FF0200,-0.1,-2.6,0.2,
03/12/2020 12:50:08.457,43845,TAI_400 @B73477,125888,0B0027000B00,1.1,3.9,1.1,
03/12/2020 12:50:08.504,43893,TAI_400 @B73477,125894,E7FFF3FF0000,-2.5,-1.3,0.0,
03/12/2020 12:50:08.554,43942,TAI_400 @B73477,125900,0B0027000A00,1.1,3.9,1.0,
03/12/2020 12:50:08.603,43991,TAI_400 @B73477,125907,D9FF08000100,-3.9,0.8,0.1,
03/12/2020 12:50:08.652,44040,TAI_400 @B73477,125913,1E000F000A00,3.0,1.5,1.0,
03/12/2020 12:50:08.701,44089,TAI_400 @B73477,125919,D9FF09000100,-3.9,0.9,0.1,
03/12/2020 12:50:08.749,44137,TAI_400 @B73477,125925,1E000E000B00,3.0,1.4,1.1,
03/12/2020 12:50:08.798,44186,TAI_400 @B73477,125932,D9FF1D000200,-3.9,2.9,0.2,
03/12/2020 12:50:08.847,44235,TAI_400 @B73477,125938,2100F8FF0800,3.3,-0.8,0.8,
03/12/2020 12:50:08.895,44283,TAI_400 @B73477,125944,D9FF1D000200,-3.9,2.9,0.2,
03/12/2020 12:50:08.944,44332,TAI_400 @B73477,125950,1200E7FF0500,1.8,-2.5,0.5,
03/12/2020 12:50:08.992,44380,TAI_400 @B73477,125957,E5FF2C000700,-2.7,4.4,0.7,
03/12/2020 12:50:09.041,44429,TAI_400 @B73477,125963,1200E7FF0500,1.8,-2.5,0.5,
03/12/2020 12:50:09.090,44478,TAI_400 @B73477,125969,E5FF2D000600,-2.7,4.5,0.6,
03/12/2020 12:50:09.139,44527,TAI_400 @B73477,125975,FAFFE6FF0200,-0.6,-2.6,0.2,
03/12/2020 12:50:09.188,44576,TAI_400 @B73477,125982,F8FF31000900,-0.8,4.9,0.9,
03/12/2020 12:50:09.237,44625,TAI_400 @B73477,125988,FCFFE7FF0200,-0.4,-2.5,0.2,
03/12/2020 12:50:09.285,44673,TAI_400 @B73477,125994,0E0024000B00,1.4,3.6,1.1,
03/12/2020 12:50:09.334,44722,TAI_400 @B73477,126000,E5FFF5FF0100,-2.7,-1.1,0.1,
03/12/2020 12:50:09.431,44819,TAI_400 @B73477,126007,0E0023000A00,1.4,3.5,1.0,
03/12/2020 12:50:09.480,44868,TAI_400 @B73477,126013,E5FFF5FF0000,-2.7,-1.1,0.0,
03/12/2020 12:50:09.529,44917,TAI_400 @B73477,126019,1E000B000A00,3.0,1.1,1.0,
03/12/2020 12:50:09.577,44966,TAI_400 @B73477,126025,D9FF0C000100,-3.9,1.2,0.1,
03/12/2020 12:50:09.627,45015,TAI_400 @B73477,126032,1F000B000A00,3.1,1.1,1.0,
03/12/2020 12:50:09.677,45065,TAI_400 @B73477,126038,D8FF0C000000,-4.0,1.2,0.0,
03/12/2020 12:50:09.724,45112,TAI_400 @B73477,126044,2000F5FF0800,3.2,-1.1,0.8,
03/12/2020 12:50:09.773,45161,TAI_400 @B73477,126050,D9FF20000300,-3.9,3.2,0.3,
03/12/2020 12:50:09.822,45210,TAI_400 @B73477,126057,2000F5FF0800,3.2,-1.1,0.8,
03/12/2020 12:50:09.870,45258,TAI_400 @B73477,126063,E7FF2E000700,-2.5,4.6,0.7,
03/12/2020 12:50:09.919,45307,TAI_400 @B73477,126069,0F00E7FF0400,1.5,-2.5,0.4,
03/12/2020 12:50:09.967,45355,TAI_400 @B73477,126075,E8FF2F000700,-2.4,4.7,0.7,
03/12/2020 12:50:10.016,45404,TAI_400 @B73477,126082,0E00E7FF0400,1.4,-2.5,0.4,
03/12/2020 12:50:10.065,45453,TAI_400 @B73477,126088,FCFF31000A00,-0.4,4.9,1.0,
03/12/2020 12:50:10.114,45502,TAI_400 @B73477,126094,F7FFE7FF0100,-0.9,-2.5,0.1,
03/12/2020 12:50:10.163,45551,TAI_400 @B73477,126100,FCFF31000900,-0.4,4.9,0.9,
03/12/2020 12:50:10.211,45599,TAI_400 @B73477,126107,E2FFF8FF0100,-3.0,-0.8,0.1,
03/12/2020 12:50:10.260,45648,TAI_400 @B73477,126113,120020000A00,1.8,3.2,1.0,
03/12/2020 12:50:10.309,45697,TAI_400 @B73477,126119,E4FFF9FF0000,-2.8,-0.7,0.0,
03/12/2020 12:50:10.358,45746,TAI_400 @B73477,126125,120020000A00,1.8,3.2,1.0,
03/12/2020 12:50:10.406,45794,TAI_400 @B73477,126132,D8FF0E000200,-4.0,1.4,0.2,
03/12/2020 12:50:10.455,45843,TAI_400 @B73477,126138,200009000A00,3.2,0.9,1.0,
03/12/2020 12:50:10.503,45891,TAI_400 @B73477,126144,D8FF0E000100,-4.0,1.4,0.1,
03/12/2020 12:50:10.602,45990,TAI_400 @B73477,126150,1D00F2FF0700,2.9,-1.4,0.7,
03/12/2020 12:50:10.650,46038,TAI_400 @B73477,126157,DAFF22000400,-3.8,3.4,0.4,
03/12/2020 12:50:10.701,46089,TAI_400 @B73477,126163,1E00F3FF0700,3.0,-1.3,0.7,
03/12/2020 12:50:10.748,46136,TAI_400 @B73477,126169,DAFF22000300,-3.8,3.4,0.3,
03/12/2020 12:50:10.796,46184,TAI_400 @B73477,126175,0C00E7FF0400,1.2,-2.5,0.4,
03/12/2020 12:50:10.846,46234,TAI_400 @B73477,126182,E9FF2F000700,-2.3,4.7,0.7,
03/12/2020 12:50:10.894,46282,TAI_400 @B73477,126188,0C00E6FF0300,1.2,-2.6,0.3,
03/12/2020 12:50:10.945,46333,TAI_400 @B73477,126194,FEFF31000A00,-0.2,4.9,1.0,
03/12/2020 12:50:10.991,46379,TAI_400 @B73477,126200,F5FFE8FF0100,-1.1,-2.4,0.1,
03/12/2020 12:50:11.040,46428,TAI_400 @B73477,126207,FFFF30000A00,-0.1,4.8,1.0,
03/12/2020 12:50:11.090,46478,TAI_400 @B73477,126213,F5FFE8FF0000,-1.1,-2.4,0.0,
03/12/2020 12:50:11.138,46526,TAI_400 @B73477,126219,15001E000B00,2.1,3.0,1.1,
03/12/2020 12:50:11.186,46575,TAI_400 @B73477,126225,E0FFFDFF0000,-3.2,-0.3,0.0,
03/12/2020 12:50:11.235,46623,TAI_400 @B73477,126232,15001D000A00,2.1,2.9,1.0,
03/12/2020 12:50:11.284,46672,TAI_400 @B73477,126238,D6FF11000200,-4.2,1.7,0.2,
03/12/2020 12:50:11.334,46722,TAI_400 @B73477,126244,200004000900,3.2,0.4,0.9,
03/12/2020 12:50:11.381,46769,TAI_400 @B73477,126250,D6FF12000200,-4.2,1.8,0.2,
03/12/2020 12:50:11.430,46818,TAI_400 @B73477,126257,200004000900,3.2,0.4,0.9,
03/12/2020 12:50:11.479,46867,TAI_400 @B73477,126263,DDFF25000400,-3.5,3.7,0.4,
03/12/2020 12:50:11.528,46915,TAI_400 @B73477,126269,1C00F0FF0700,2.8,-1.6,0.7,
03/12/2020 12:50:11.576,46964,TAI_400 @B73477,126275,DDFF25000400,-3.5,3.7,0.4,
03/12/2020 12:50:11.626,47014,TAI_400 @B73477,126282,1C00EFFF0700,2.8,-1.7,0.7,
03/12/2020 12:50:11.674,47062,TAI_400 @B73477,126288,EDFF31000800,-1.9,4.9,0.8,
03/12/2020 12:50:11.723,47111,TAI_400 @B73477,126294,0900E5FF0400,0.9,-2.7,0.4,
03/12/2020 12:50:11.820,47208,TAI_400 @B73477,126300,EEFF31000700,-1.8,4.9,0.7,
03/12/2020 12:50:11.869,47257,TAI_400 @B73477,126307,F2FFEAFF0100,-1.4,-2.2,0.1,
03/12/2020 12:50:11.919,47307,TAI_400 @B73477,126313,02002D000A00,0.2,4.5,1.0,
03/12/2020 12:50:11.966,47354,TAI_400 @B73477,126319,F1FFEBFF0100,-1.5,-2.1,0.1,
03/12/2020 12:50:12.015,47403,TAI_400 @B73477,126325,17001B000B00,2.3,2.7,1.1,
03/12/2020 12:50:12.064,47452,TAI_400 @B73477,126332,DDFFFFFF0000,-3.5,-0.1,0.0,
03/12/2020 12:50:12.114,47502,TAI_400 @B73477,126338,180019000A00,2.4,2.5,1.0,
03/12/2020 12:50:12.162,47550,TAI_400 @B73477,126344,DDFF00000000,-3.5,0.0,0.0,
03/12/2020 12:50:12.211,47599,TAI_400 @B73477,126350,210000000900,3.3,0.0,0.9,
03/12/2020 12:50:12.259,47647,TAI_400 @B73477,126357,D6FF15000200,-4.2,2.1,0.2,
03/12/2020 12:50:12.308,47696,TAI_400 @B73477,126363,210000000900,3.3,0.0,0.9,
03/12/2020 12:50:12.358,47746,TAI_400 @B73477,126369,D7FF16000200,-4.1,2.2,0.2,
03/12/2020 12:50:12.405,47793,TAI_400 @B73477,126375,1A00EDFF0700,2.6,-1.9,0.7,
03/12/2020 12:50:12.454,47842,TAI_400 @B73477,126382,DFFF27000400,-3.3,3.9,0.4,
03/12/2020 12:50:12.503,47891,TAI_400 @B73477,126388,1900EDFF0600,2.5,-1.9,0.6,
03/12/2020 12:50:12.551,47939,TAI_400 @B73477,126394,F0FF32000800,-1.6,5.0,0.8,
03/12/2020 12:50:12.601,47989,TAI_400 @B73477,126400,0500E4FF0300,0.5,-2.8,0.3,
03/12/2020 12:50:12.649,48037,TAI_400 @B73477,126407,F0FF31000900,-1.6,4.9,0.9,
03/12/2020 12:50:12.698,48086,TAI_400 @B73477,126413,0500E3FF0300,0.5,-2.9,0.3,
03/12/2020 12:50:12.746,48134,TAI_400 @B73477,126419,05002B000B00,0.5,4.3,1.1,
03/12/2020 12:50:12.795,48183,TAI_400 @B73477,126425,EEFFEFFF0100,-1.8,-1.7,0.1,
03/12/2020 12:50:12.844,48232,TAI_400 @B73477,126432,05002C000A00,0.5,4.4,1.0,
03/12/2020 12:50:12.893,48281,TAI_400 @B73477,126438,DCFF02000000,-3.6,0.2,0.0,
03/12/2020 12:50:12.990,48378,TAI_400 @B73477,126444,190017000B00,2.5,2.3,1.1,
03/12/2020 12:50:13.039,48427,TAI_400 @B73477,126450,DCFF02000000,-3.6,0.2,0.0,
03/12/2020 12:50:13.087,48475,TAI_400 @B73477,126457,1A0017000B00,2.6,2.3,1.1,
03/12/2020 12:50:13.138,48526,TAI_400 @B73477,126463,D8FF17000200,-4.0,2.3,0.2,
03/12/2020 12:50:13.186,48574,TAI_400 @B73477,126469,2200FEFF0900,3.4,-0.2,0.9,
03/12/2020 12:50:13.234,48622,TAI_400 @B73477,126475,D8FF17000200,-4.0,2.3,0.2,
03/12/2020 12:50:13.283,48671,TAI_400 @B73477,126482,1800ECFF0600,2.4,-2.0,0.6,
03/12/2020 12:50:13.332,48720,TAI_400 @B73477,126488,E0FF29000500,-3.2,4.1,0.5,
03/12/2020 12:50:13.380,48768,TAI_400 @B73477,126494,1700ECFF0600,2.3,-2.0,0.6,
03/12/2020 12:50:13.429,48817,TAI_400 @B73477,126500,E0FF2A000400,-3.2,4.2,0.4,
03/12/2020 12:50:13.478,48866,TAI_400 @B73477,126507,0200E5FF0200,0.2,-2.7,0.2,
03/12/2020 12:50:13.526,48914,TAI_400 @B73477,126513,F2FF32000900,-1.4,5.0,0.9,
03/12/2020 12:50:13.576,48964,TAI_400 @B73477,126519,0100E4FF0200,0.1,-2.8,0.2,
03/12/2020 12:50:13.624,49012,TAI_400 @B73477,126525,F2FF32000800,-1.4,5.0,0.8,
03/12/2020 12:50:13.673,49061,TAI_400 @B73477,126532,EAFFF0FF0000,-2.2,-1.6,0.0,
03/12/2020 12:50:13.722,49110,TAI_400 @B73477,126538,08002A000A00,0.8,4.2,1.0,
03/12/2020 12:50:13.771,49159,TAI_400 @B73477,126544,EBFFF0FF0000,-2.1,-1.6,0.0,
03/12/2020 12:50:13.819,49207,TAI_400 @B73477,126550,1C0012000A00,2.8,1.8,1.0,
03/12/2020 12:50:13.868,49256,TAI_400 @B73477,126557,DBFF04000100,-3.7,0.4,0.1,
03/12/2020 12:50:13.916,49304,TAI_400 @B73477,126563,1C0011000A00,2.8,1.7,1.0,
03/12/2020 12:50:13.965,49353,TAI_400 @B73477,126569,DBFF05000000,-3.7,0.5,0.0,
03/12/2020 12:50:14.017,49405,TAI_400 @B73477,126575,2000FCFF0900,3.2,-0.4,0.9,
03/12/2020 12:50:14.062,49450,TAI_400 @B73477,126582,D7FF1A000200,-4.1,2.6,0.2,
03/12/2020 12:50:14.160,49548,TAI_400 @B73477,126588,2100FBFF0900,3.3,-0.5,0.9,
03/12/2020 12:50:14.209,49597,TAI_400 @B73477,126594,E2FF2C000500,-3.0,4.4,0.5,
03/12/2020 12:50:14.258,49646,TAI_400 @B73477,126600,1500E9FF0600,2.1,-2.3,0.6,
03/12/2020 12:50:14.307,49695,TAI_400 @B73477,126607,E2FF2C000600,-3.0,4.4,0.6,
03/12/2020 12:50:14.355,49744,TAI_400 @B73477,126613,1400E9FF0500,2.0,-2.3,0.5,
03/12/2020 12:50:14.406,49794,TAI_400 @B73477,126619,F6FF31000900,-1.0,4.9,0.9,
03/12/2020 12:50:14.453,49841,TAI_400 @B73477,126625,FEFFE5FF0200,-0.2,-2.7,0.2,
03/12/2020 12:50:14.501,49889,TAI_400 @B73477,126632,F6FF31000900,-1.0,4.9,0.9,
03/12/2020 12:50:14.549,49937,TAI_400 @B73477,126638,E8FFF2FF0000,-2.4,-1.4,0.0,
03/12/2020 12:50:14.599,49987,TAI_400 @B73477,126644,0C0027000B00,1.2,3.9,1.1,
03/12/2020 12:50:14.647,50035,TAI_400 @B73477,126650,E8FFF2FF0100,-2.4,-1.4,0.1,
03/12/2020 12:50:14.696,50084,TAI_400 @B73477,126657,0C0026000A00,1.2,3.8,1.0,
03/12/2020 12:50:14.745,50133,TAI_400 @B73477,126663,D9FF09000100,-3.9,0.9,0.1,
03/12/2020 12:50:14.794,50182,TAI_400 @B73477,126669,1E000E000B00,3.0,1.4,1.1,
03/12/2020 12:50:14.843,50231,TAI_400 @B73477,126675,D9FF09000100,-3.9,0.9,0.1,
03/12/2020 12:50:14.892,50280,TAI_400 @B73477,126682,2000F8FF0800,3.2,-0.8,0.8,
03/12/2020 12:50:14.940,50328,TAI_400 @B73477,126688,D8FF1E000300,-4.0,3.0,0.3,
03/12/2020 12:50:14.989,50377,TAI_400 @B73477,126694,2000F8FF0800,3.2,-0.8,0.8,
03/12/2020 12:50:15.037,50425,TAI_400 @B73477,126700,D8FF1E000300,-4.0,3.0,0.3,
03/12/2020 12:50:15.086,50474,TAI_400 @B73477,126707,1200E7FF0500,1.8,-2.5,0.5,
03/12/2020 12:50:15.136,50524,TAI_400 @B73477,126713,E4FF2D000700,-2.8,4.5,0.7,
03/12/2020 12:50:15.184,50572,TAI_400 @B73477,126719,1100E7FF0400,1.7,-2.5,0.4,
03/12/2020 12:50:15.233,50621,TAI_400 @B73477,126725,F9FF31000900,-0.7,4.9,0.9,
03/12/2020 12:50:15.281,50669,TAI_400 @B73477,126732,FCFFE6FF0200,-0.4,-2.6,0.2,
03/12/2020 12:50:15.379,50767,TAI_400 @B73477,126738,F9FF31000900,-0.7,4.9,0.9,
03/12/2020 12:50:15.429,50817,TAI_400 @B73477,126744,FCFFE6FF0200,-0.4,-2.6,0.2,
03/12/2020 12:50:15.477,50865,TAI_400 @B73477,126750,0F0023000B00,1.5,3.5,1.1,
03/12/2020 12:50:15.525,50913,TAI_400 @B73477,126757,E5FFF5FF0100,-2.7,-1.1,0.1,
03/12/2020 12:50:15.574,50962,TAI_400 @B73477,126763,0F0024000B00,1.5,3.6,1.1,
03/12/2020 12:50:15.622,51010,TAI_400 @B73477,126769,D7FF0C000100,-4.1,1.2,0.1,
03/12/2020 12:50:15.672,51060,TAI_400 @B73477,126775,1E000B000A00,3.0,1.1,1.0,
03/12/2020 12:50:15.720,51108,TAI_400 @B73477,126782,D7FF0C000100,-4.1,1.2,0.1,
03/12/2020 12:50:15.769,51157,TAI_400 @B73477,126788,1E000B000900,3.0,1.1,0.9,
03/12/2020 12:50:15.818,51206,TAI_400 @B73477,126794,D9FF20000300,-3.9,3.2,0.3,
03/12/2020 12:50:15.866,51254,TAI_400 @B73477,126800,1F00F5FF0800,3.1,-1.1,0.8,
03/12/2020 12:50:15.915,51303,TAI_400 @B73477,126807,D9FF20000300,-3.9,3.2,0.3,
03/12/2020 12:50:15.964,51352,TAI_400 @B73477,126813,1000E7FF0400,1.6,-2.5,0.4,
03/12/2020 12:50:16.013,51401,TAI_400 @B73477,126819,E7FF2E000700,-2.5,4.6,0.7,
03/12/2020 12:50:16.061,51449,TAI_400 @B73477,126825,1000E7FF0400,1.6,-2.5,0.4,
03/12/2020 12:50:16.110,51498,TAI_400 @B73477,126832,E8FF2E000700,-2.4,4.6,0.7,
03/12/2020 12:50:16.161,51549,TAI_400 @B73477,126838,F9FFE7FF0100,-0.7,-2.5,0.1,
03/12/2020 12:50:16.208,51596,TAI_400 @B73477,126844,FCFF31000A00,-0.4,4.9,1.0,
03/12/2020 12:50:16.256,51644,TAI_400 @B73477,126850,F8FFE7FF0100,-0.8,-2.5,0.1,
03/12/2020 12:50:16.306,51694,TAI_400 @B73477,126857,FCFF30000A00,-0.4,4.8,1.0,
03/12/2020 12:50:16.354,51742,TAI_400 @B73477,126863,E2FFF9FF0000,-3.0,-0.7,0.0,
03/12/2020 12:50:16.403,51791,TAI_400 @B73477,126869,110020000B00,1.7,3.2,1.1,
03/12/2020 12:50:16.451,51839,TAI_400 @B73477,126875,E1FFF9FF0000,-3.1,-0.7,0.0,
03/12/2020 12:50:16.548,51936,TAI_400 @B73477,126882,200007000A00,3.2,0.7,1.0,
03/12/2020 12:50:16.598,51986,TAI_400 @B73477,126888,D7FF0F000100,-4.1,1.5,0.1,
03/12/2020 12:50:16.647,52035,TAI_400 @B73477,126894,200008000A00,3.2,0.8,1.0,
03/12/2020 12:50:16.695,52083,TAI_400 @B73477,126900,D6FF0F000100,-4.2,1.5,0.1,
03/12/2020 12:50:16.744,52132,TAI_400 @B73477,126907,1E00F3FF0700,3.0,-1.3,0.7,
03/12/2020 12:50:16.794,52182,TAI_400 @B73477,126913,DBFF22000400,-3.7,3.4,0.4,
03/12/2020 12:50:16.842,52230,TAI_400 @B73477,126919,1E00F2FF0700,3.0,-1.4,0.7,
03/12/2020 12:50:16.890,52278,TAI_400 @B73477,126925,EAFF30000700,-2.2,4.8,0.7,
03/12/2020 12:50:16.939,52327,TAI_400 @B73477,126932,0C00E7FF0400,1.2,-2.5,0.4,
03/12/2020 12:50:16.988,52376,TAI_400 @B73477,126938,EAFF2F000700,-2.2,4.7,0.7,
03/12/2020 12:50:17.037,52425,TAI_400 @B73477,126944,0C00E5FF0400,1.2,-2.7,0.4,
03/12/2020 12:50:17.085,52473,TAI_400 @B73477,126950,FEFF2F000A00,-0.2,4.7,1.0,
03/12/2020 12:50:17.134,52522,TAI_400 @B73477,126957,F5FFE9FF0100,-1.1,-2.3,0.1,
03/12/2020 12:50:17.183,52571,TAI_400 @B73477,126963,FEFF30000A00,-0.2,4.8,1.0,
03/12/2020 12:50:17.231,52619,TAI_400 @B73477,126969,E0FFFCFF0000,-3.2,-0.4,0.0,
03/12/2020 12:50:17.282,52670,TAI_400 @B73477,126975,14001E000A00,2.0,3.0,1.0,
03/12/2020 12:50:17.330,52718,TAI_400 @B73477,126982,DFFFFCFF0000,-3.3,-0.4,0.0,
03/12/2020 12:50:17.378,52766,TAI_400 @B73477,126988,15001D000A00,2.1,2.9,1.0,
03/12/2020 12:50:17.428,52816,TAI_400 @B73477,126994,D7FF11000200,-4.1,1.7,0.2,
03/12/2020 12:50:17.476,52864,TAI_400 @B73477,127000,210004000900,3.3,0.4,0.9,
03/12/2020 12:50:17.524,52912,TAI_400 @B73477,127007,D7FF11000200,-4.1,1.7,0.2,
03/12/2020 12:50:17.572,52960,TAI_400 @B73477,127013,210004000900,3.3,0.4,0.9,
03/12/2020 12:50:17.621,53009,TAI_400 @B73477,127019,DCFF23000400,-3.6,3.5,0.4,
03/12/2020 12:50:17.720,53108,TAI_400 @B73477,127025,1C00F0FF0700,2.8,-1.6,0.7,
03/12/2020 12:50:17.768,53156,TAI_400 @B73477,127032,DDFF24000400,-3.5,3.6,0.4,
03/12/2020 12:50:17.817,53205,TAI_400 @B73477,127038,0900E4FF0300,0.9,-2.8,0.3,
03/12/2020 12:50:17.865,53253,TAI_400 @B73477,127044,ECFF31000800,-2.0,4.9,0.8,
03/12/2020 12:50:17.914,53302,TAI_400 @B73477,127050,0800E4FF0300,0.8,-2.8,0.3,
03/12/2020 12:50:17.962,53350,TAI_400 @B73477,127057,02002E000A00,0.2,4.6,1.0,
03/12/2020 12:50:18.012,53400,TAI_400 @B73477,127063,F1FFEBFF0100,-1.5,-2.1,0.1,
03/12/2020 12:50:18.062,53450,TAI_400 @B73477,127069,02002D000A00,0.2,4.5,1.0,
03/12/2020 12:50:18.108,53497,TAI_400 @B73477,127075,F1FFEBFF0100,-1.5,-2.1,0.1,
03/12/2020 12:50:18.158,53546,TAI_400 @B73477,127082,170019000B00,2.3,2.5,1.1,
03/12/2020 12:50:18.207,53595,TAI_400 @B73477,127088,DEFFFFFF0000,-3.4,-0.1,0.0,
03/12/2020 12:50:18.256,53644,TAI_400 @B73477,127094,17001A000B00,2.3,2.6,1.1,
03/12/2020 12:50:18.305,53693,TAI_400 @B73477,127100,DDFFFFFF0100,-3.5,-0.1,0.1,
03/12/2020 12:50:18.353,53741,TAI_400 @B73477,127107,210000000900,3.3,0.0,0.9,
03/12/2020 12:50:18.401,53789,TAI_400 @B73477,127113,D6FF14000200,-4.2,2.0,0.2,
03/12/2020 12:50:18.451,53839,TAI_400 @B73477,127119,210000000A00,3.3,0.0,1.0,
03/12/2020 12:50:18.498,53886,TAI_400 @B73477,127125,DEFF27000400,-3.4,3.9,0.4,
03/12/2020 12:50:18.547,53935,TAI_400 @B73477,127132,1A00EFFF0700,2.6,-1.7,0.7,
03/12/2020 12:50:18.596,53984,TAI_400 @B73477,127138,DDFF27000400,-3.5,3.9,0.4,
03/12/2020 12:50:18.644,54032,TAI_400 @B73477,127144,1900EEFF0700,2.5,-1.8,0.7,
03/12/2020 12:50:18.694,54082,TAI_400 @B73477,127150,EEFF31000800,-1.8,4.9,0.8,
03/12/2020 12:50:18.742,54130,TAI_400 @B73477,127157,0600E4FF0300,0.6,-2.8,0.3,
03/12/2020 12:50:18.791,54179,TAI_400 @B73477,127163,EFFF31000800,-1.7,4.9,0.8,
03/12/2020 12:50:18.840,54228,TAI_400 @B73477,127169,EFFFEDFF0000,-1.7,-1.9,0.0,
03/12/2020 12:50:18.937,54325,TAI_400 @B73477,127175,05002C000B00,0.5,4.4,1.1,
03/12/2020 12:50:18.987,54375,TAI_400 @B73477,127182,EEFFEEFF0000,-1.8,-1.8,0.0,
03/12/2020 12:50:19.035,54423,TAI_400 @B73477,127188,06002B000B00,0.6,4.3,1.1,
03/12/2020 12:50:19.084,54472,TAI_400 @B73477,127194,DCFF01000100,-3.6,0.1,0.1,
03/12/2020 12:50:19.132,54520,TAI_400 @B73477,127200,190017000B00,2.5,2.3,1.1,
03/12/2020 12:50:19.181,54569,TAI_400 @B73477,127207,DCFF02000100,-3.6,0.2,0.1,
03/12/2020 12:50:19.230,54618,TAI_400 @B73477,127213,2100FEFF0900,3.3,-0.2,0.9,
03/12/2020 12:50:19.279,54667,TAI_400 @B73477,127219,D6FF18000200,-4.2,2.4,0.2,
03/12/2020 12:50:19.328,54716,TAI_400 @B73477,127225,2000FEFF0900,3.2,-0.2,0.9,
03/12/2020 12:50:19.376,54764,TAI_400 @B73477,127232,D6FF18000200,-4.2,2.4,0.2,
03/12/2020 12:50:19.427,54815,TAI_400 @B73477,127238,1700EBFF0600,2.3,-2.1,0.6,
03/12/2020 12:50:19.474,54862,TAI_400 @B73477,127244,E0FF2A000500,-3.2,4.2,0.5,
03/12/2020 12:50:19.571,54959,TAI_400 @B73477,127250,1700EBFF0600,2.3,-2.1,0.6,
03/12/2020 12:50:19.571,54959,TAI_400 @B73477,127257,F2FF31000900,-1.4,4.9,0.9,
03/12/2020 12:50:19.620,55008,TAI_400 @B73477,127263,0300E4FF0200,0.3,-2.8,0.2,
03/12/2020 12:50:19.669,55057,TAI_400 @B73477,127269,F2FF32000800,-1.4,5.0,0.8,
03/12/2020 12:50:19.718,55106,TAI_400 @B73477,127275,0200E4FF0200,0.2,-2.8,0.2,
03/12/2020 12:50:19.766,55154,TAI_400 @B73477,127282,08002A000B00,0.8,4.2,1.1,
03/12/2020 12:50:19.816,55204,TAI_400 @B73477,127288,EBFFEFFF0000,-2.1,-1.7,0.0,
03/12/2020 12:50:19.863,55251,TAI_400 @B73477,127294,09002A000B00,0.9,4.2,1.1,
03/12/2020 12:50:19.912,55300,TAI_400 @B73477,127300,EBFFF0FF0000,-2.1,-1.6,0.0,
03/12/2020 12:50:19.961,55349,TAI_400 @B73477,127307,1C0012000A00,2.8,1.8,1.0,
03/12/2020 12:50:20.010,55398,TAI_400 @B73477,127313,D9FF05000100,-3.9,0.5,0.1,
03/12/2020 12:50:20.107,55495,TAI_400 @B73477,127319,1C0012000A00,2.8,1.8,1.0,
03/12/2020 12:50:20.157,55545,TAI_400 @B73477,127325,D7FF1A000200,-4.1,2.6,0.2,
03/12/2020 12:50:20.205,55593,TAI_400 @B73477,127332,2000FCFF0800,3.2,-0.4,0.8,
03/12/2020 12:50:20.254,55642,TAI_400 @B73477,127338,D7FF1B000200,-4.1,2.7,0.2,
03/12/2020 12:50:20.303,55691,TAI_400 @B73477,127344,2000FCFF0800,3.2,-0.4,0.8,
03/12/2020 12:50:20.353,55741,TAI_400 @B73477,127350,E2FF2B000500,-3.0,4.3,0.5,
03/12/2020 12:50:20.400,55788,TAI_400 @B73477,127357,1500E9FF0500,2.1,-2.3,0.5,
03/12/2020 12:50:20.449,55837,TAI_400 @B73477,127363,E3FF2B000600,-2.9,4.3,0.6,
03/12/2020 12:50:20.498,55886,TAI_400 @B73477,127369,0000E5FF0200,0.0,-2.7,0.2,
03/12/2020 12:50:20.547,55935,TAI_400 @B73477,127375,F6FF31000900,-1.0,4.9,0.9,
03/12/2020 12:50:20.595,55983,TAI_400 @B73477,127382,0000E5FF0200,0.0,-2.7,0.2,
03/12/2020 12:50:20.643,56032,TAI_400 @B73477,127388,F6FF31000900,-1.0,4.9,0.9,
03/12/2020 12:50:20.693,56081,TAI_400 @B73477,127394,E7FFF2FF0000,-2.5,-1.4,0.0,
03/12/2020 12:50:20.742,56130,TAI_400 @B73477,127400,0B0027000A00,1.1,3.9,1.0,
03/12/2020 12:50:20.790,56178,TAI_400 @B73477,127407,E7FFF2FF0000,-2.5,-1.4,0.0,
03/12/2020 12:50:20.839,56227,TAI_400 @B73477,127413,1D000E000A00,2.9,1.4,1.0,
03/12/2020 12:50:20.888,56276,TAI_400 @B73477,127419,D9FF09000100,-3.9,0.9,0.1,
03/12/2020 12:50:20.937,56325,TAI_400 @B73477,127425,1D000E000A00,2.9,1.4,1.0,
03/12/2020 12:50:20.985,56373,TAI_400 @B73477,127432,D9FF09000100,-3.9,0.9,0.1,
03/12/2020 12:50:21.034,56422,TAI_400 @B73477,127438,2000F8FF0900,3.2,-0.8,0.9,
03/12/2020 12:50:21.083,56471,TAI_400 @B73477,127444,D9FF1D000200,-3.9,2.9,0.2,
03/12/2020 12:50:21.131,56519,TAI_400 @B73477,127450,2000F7FF0800,3.2,-0.9,0.8,
03/12/2020 12:50:21.180,56568,TAI_400 @B73477,127457,D9FF1D000300,-3.9,2.9,0.3,
03/12/2020 12:50:21.229,56617,TAI_400 @B73477,127463,1200E7FF0500,1.8,-2.5,0.5,
03/12/2020 12:50:21.326,56714,TAI_400 @B73477,127469,E4FF2C000700,-2.8,4.4,0.7,
03/12/2020 12:50:21.375,56763,TAI_400 @B73477,127475,1200E7FF0400,1.8,-2.5,0.4,
03/12/2020 12:50:21.424,56812,TAI_400 @B73477,127482,F8FF32000900,-0.8,5.0,0.9,
03/12/2020 12:50:21.473,56861,TAI_400 @B73477,127488,FCFFE7FF0200,-0.4,-2.5,0.2,
03/12/2020 12:50:21.522,56910,TAI_400 @B73477,127494,F9FF32000900,-0.7,5.0,0.9,
03/12/2020 12:50:21.570,56958,TAI_400 @B73477,127500,E5FFF5FF0000,-2.7,-1.1,0.0,
03/12/2020 12:50:21.619,57007,TAI_400 @B73477,127507,0E0025000B00,1.4,3.7,1.1,
03/12/2020 12:50:21.667,57055,TAI_400 @B73477,127513,E4FFF5FF0000,-2.8,-1.1,0.0,
03/12/2020 12:50:21.716,57104,TAI_400 @B73477,127519,0E0024000B00,1.4,3.6,1.1,
03/12/2020 12:50:21.765,57153,TAI_400 @B73477,127525,D9FF0B000000,-3.9,1.1,0.0,
03/12/2020 12:50:21.814,57202,TAI_400 @B73477,127532,1F000B000A00,3.1,1.1,1.0,
03/12/2020 12:50:21.863,57251,TAI_400 @B73477,127538,D8FF0C000100,-4.0,1.2,0.1,
03/12/2020 12:50:21.911,57299,TAI_400 @B73477,127544,1F00F6FF0700,3.1,-1.0,0.7,
03/12/2020 12:50:22.012,57400,TAI_400 @B73477,127550,D9FF1F000300,-3.9,3.1,0.3,
03/12/2020 12:50:22.012,57400,TAI_400 @B73477,127557,1F00F5FF0800,3.1,-1.1,0.8,
03/12/2020 12:50:22.058,57446,TAI_400 @B73477,127563,D9FF1F000300,-3.9,3.1,0.3,
03/12/2020 12:50:22.106,57494,TAI_400 @B73477,127569,1000E7FF0400,1.6,-2.5,0.4,
03/12/2020 12:50:22.154,57543,TAI_400 @B73477,127575,E7FF2E000700,-2.5,4.6,0.7,
03/12/2020 12:50:22.204,57592,TAI_400 @B73477,127582,0F00E6FF0400,1.5,-2.6,0.4,
03/12/2020 12:50:22.253,57641,TAI_400 @B73477,127588,E7FF2E000700,-2.5,4.6,0.7,
03/12/2020 12:50:22.302,57690,TAI_400 @B73477,127594,F9FFE7FF0100,-0.7,-2.5,0.1,
03/12/2020 12:50:22.350,57738,TAI_400 @B73477,127600,FBFF31000900,-0.5,4.9,0.9,
03/12/2020 12:50:22.399,57787,TAI_400 @B73477,127607,F9FFE7FF0200,-0.7,-2.5,0.2,
03/12/2020 12:50:22.496,57884,TAI_400 @B73477,127613,120020000B00,1.8,3.2,1.1,
03/12/2020 12:50:22.545,57933,TAI_400 @B73477,127619,E4FFF9FF0000,-2.8,-0.7,0.0,
03/12/2020 12:50:22.595,57983,TAI_400 @B73477,127625,120020000B00,1.8,3.2,1.1,
03/12/2020 12:50:22.643,58031,TAI_400 @B73477,127632,E2FFF8FF0000,-3.0,-0.8,0.0,
03/12/2020 12:50:22.691,58079,TAI_400 @B73477,127638,200009000A00,3.2,0.9,1.0,
03/12/2020 12:50:22.740,58128,TAI_400 @B73477,127644,D7FF0E000200,-4.1,1.4,0.2,
03/12/2020 12:50:22.789,58177,TAI_400 @B73477,127650,200008000B00,3.2,0.8,1.1,
03/12/2020 12:50:22.838,58226,TAI_400 @B73477,127657,DBFF21000300,-3.7,3.3,0.3,
03/12/2020 12:50:22.886,58274,TAI_400 @B73477,127663,1E00F2FF0800,3.0,-1.4,0.8,
03/12/2020 12:50:22.935,58323,TAI_400 @B73477,127669,DAFF22000400,-3.8,3.4,0.4,
03/12/2020 12:50:22.984,58372,TAI_400 @B73477,127675,1D00F2FF0800,2.9,-1.4,0.8,
03/12/2020 12:50:23.033,58421,TAI_400 @B73477,127682,E9FF2F000700,-2.3,4.7,0.7,
03/12/2020 12:50:23.082,58470,TAI_400 @B73477,127688,0C00E6FF0300,1.2,-2.6,0.3,
03/12/2020 12:50:23.132,58520,TAI_400 @B73477,127694,E9FF31000700,-2.3,4.9,0.7,
03/12/2020 12:50:23.178,58566,TAI_400 @B73477,127700,0B00E7FF0300,1.1,-2.5,0.3,
03/12/2020 12:50:23.227,58615,TAI_400 @B73477,127707,FFFF30000A00,-0.1,4.8,1.0,
