Date,HostTimestamp (ms),NodeName,NodeTimestamp,RawData,X (mg),Y (mg),Z (mg),
20/10/2020 17:49:29.902,46,TAI_400 @B73477,121725,2600D8FFFF03,38,-40,1023,
20/10/2020 17:49:29.951,95,TAI_400 @B73477,121731,1200DCFFF803,18,-36,1016,
20/10/2020 17:49:30.000,144,TAI_400 @B73477,121738,2000E9FFED03,32,-23,1005,
20/10/2020 17:49:30.048,192,TAI_400 @B73477,121744,2A00D5FFFA03,42,-43,1018,
20/10/2020 17:49:30.097,241,TAI_400 @B73477,121750,1D00E7FFED03,29,-25,1005,
20/10/2020 17:49:30.146,290,TAI_400 @B73477,121756,2000E0FFF203,32,-32,1010,
20/10/2020 17:49:30.196,340,TAI_400 @B73477,121763,1400E0FFF103,20,-32,1009,
20/10/2020 17:49:30.244,388,TAI_400 @B73477,121769,1400DFFFF003,20,-33,1008,
20/10/2020 17:49:30.295,438,TAI_400 @B73477,121775,2200DFFFED03,34,-33,1005,
20/10/2020 17:49:30.342,486,TAI_400 @B73477,121781,1900D8FFE803,25,-40,1000,
20/10/2020 17:49:30.390,534,TAI_400 @B73477,121788,1A00E7FFF003,26,-25,1008,
20/10/2020 17:49:30.487,631,TAI_400 @B73477,121794,1B00DDFF0304,27,-35,1027,
20/10/2020 17:49:30.537,681,TAI_400 @B73477,121800,1900DBFFF803,25,-37,1016,
20/10/2020 17:49:30.585,729,TAI_400 @B73477,121806,2300E4FFE803,35,-28,1000,
20/10/2020 17:49:30.634,778,TAI_400 @B73477,121813,2000DAFF0004,32,-38,1024,
20/10/2020 17:49:30.682,826,TAI_400 @B73477,121819,0900E2FF0204,9,-30,1026,
20/10/2020 17:49:30.731,875,TAI_400 @B73477,121825,1F00E2FFF003,31,-30,1008,
20/10/2020 17:49:30.780,924,TAI_400 @B73477,121831,1D00DAFFFF03,29,-38,1023,
20/10/2020 17:49:30.829,973,TAI_400 @B73477,121838,0900ECFFFE03,9,-20,1022,
20/10/2020 17:49:30.879,1023,TAI_400 @B73477,121844,2600D8FFED03,38,-40,1005,
20/10/2020 17:49:30.925,1069,TAI_400 @B73477,121850,1A00D8FFFB03,26,-40,1019,
20/10/2020 17:49:30.975,1119,TAI_400 @B73477,121856,1B00E2FFF303,27,-30,1011,
20/10/2020 17:49:31.025,1169,TAI_400 @B73477,121863,2100D8FFF403,33,-40,1012,
20/10/2020 17:49:31.073,1217,TAI_400 @B73477,121869,1100D9FFFE03,17,-39,1022,
20/10/2020 17:49:31.121,1265,TAI_400 @B73477,121875,1E00E3FFF803,30,-29,1016,
20/10/2020 17:49:31.171,1315,TAI_400 @B73477,121881,2100D7FFF903,33,-41,1017,
20/10/2020 17:49:31.219,1363,TAI_400 @B73477,121888,1A00DDFFF403,26,-35,1012,
20/10/2020 17:49:31.268,1412,TAI_400 @B73477,121894,2000E6FFF103,32,-26,1009,
20/10/2020 17:49:31.317,1461,TAI_400 @B73477,121900,2000D4FF0104,32,-44,1025,
20/10/2020 17:49:31.365,1509,TAI_400 @B73477,121906,1200E4FFEF03,18,-28,1007,
20/10/2020 17:49:31.414,1558,TAI_400 @B73477,121913,1600E4FFF503,22,-28,1013,
20/10/2020 17:49:31.462,1606,TAI_400 @B73477,121919,1D00D2FFF703,29,-46,1015,
20/10/2020 17:49:31.511,1655,TAI_400 @B73477,121925,1100E1FFFA03,17,-31,1018,
20/10/2020 17:49:31.609,1753,TAI_400 @B73477,121931,2300DDFFF603,35,-35,1014,
20/10/2020 17:49:31.658,1802,TAI_400 @B73477,121938,1600D7FFF603,22,-41,1014,
20/10/2020 17:49:31.706,1850,TAI_400 @B73477,121944,1E00E3FFEE03,30,-29,1006,
20/10/2020 17:49:31.755,1899,TAI_400 @B73477,121950,2400DBFFF803,36,-37,1016,
20/10/2020 17:49:31.803,1947,TAI_400 @B73477,121956,1C00E8FFFB03,28,-24,1019,
20/10/2020 17:49:31.853,1997,TAI_400 @B73477,121963,1500E6FFFE03,21,-26,1022,
20/10/2020 17:49:31.901,2045,TAI_400 @B73477,121969,1C00D8FF0304,28,-40,1027,
20/10/2020 17:49:31.949,2093,TAI_400 @B73477,121975,0D00DEFFF403,13,-34,1012,
20/10/2020 17:49:31.999,2143,TAI_400 @B73477,121981,1B00E9FFFA03,27,-23,1018,
20/10/2020 17:49:32.048,2192,TAI_400 @B73477,121988,1B00D2FFF903,27,-46,1017,
20/10/2020 17:49:32.096,2240,TAI_400 @B73477,121994,1100E6FFF203,17,-26,1010,
20/10/2020 17:49:32.146,2290,TAI_400 @B73477,122000,1E00DAFFF403,30,-38,1012,
20/10/2020 17:49:32.195,2339,TAI_400 @B73477,122006,1E00D5FFF703,30,-43,1015,
20/10/2020 17:49:32.244,2388,TAI_400 @B73477,122013,1D00E5FFF003,29,-27,1008,
20/10/2020 17:49:32.291,2435,TAI_400 @B73477,122019,1E00D2FFF303,30,-46,1011,
20/10/2020 17:49:32.340,2484,TAI_400 @B73477,122025,1A00E0FFFB03,26,-32,1019,
20/10/2020 17:49:32.389,2533,TAI_400 @B73477,122031,2200E6FFEF03,34,-26,1007,
20/10/2020 17:49:32.437,2581,TAI_400 @B73477,122038,2500DBFFF403,37,-37,1012,
20/10/2020 17:49:32.486,2630,TAI_400 @B73477,122044,1700DEFFF803,23,-34,1016,
20/10/2020 17:49:32.535,2679,TAI_400 @B73477,122050,1500E1FFF003,21,-31,1008,
20/10/2020 17:49:32.584,2728,TAI_400 @B73477,122056,1900D6FFF803,25,-42,1016,
20/10/2020 17:49:32.632,2776,TAI_400 @B73477,122063,1100E6FFEF03,17,-26,1007,
20/10/2020 17:49:32.682,2826,TAI_400 @B73477,122069,2D00DDFFF303,45,-35,1011,
20/10/2020 17:49:32.778,2922,TAI_400 @B73477,122075,1700DFFFFA03,23,-33,1018,
20/10/2020 17:49:32.830,2973,TAI_400 @B73477,122081,0900EDFFF703,9,-19,1015,
20/10/2020 17:49:32.878,3022,TAI_400 @B73477,122088,2700D2FFF903,39,-46,1017,
20/10/2020 17:49:32.927,3071,TAI_400 @B73477,122094,1800DCFFFE03,24,-36,1022,
20/10/2020 17:49:32.974,3118,TAI_400 @B73477,122100,1900ECFFF203,25,-20,1010,
20/10/2020 17:49:33.022,3166,TAI_400 @B73477,122106,2200D3FFF703,34,-45,1015,
20/10/2020 17:49:33.071,3215,TAI_400 @B73477,122113,0F00DFFFFB03,15,-33,1019,
20/10/2020 17:49:33.120,3264,TAI_400 @B73477,122119,1D00F1FFFC03,29,-15,1020,
20/10/2020 17:49:33.169,3313,TAI_400 @B73477,122125,2200D8FFFA03,34,-40,1018,
20/10/2020 17:49:33.218,3362,TAI_400 @B73477,122131,1200DFFFEF03,18,-33,1007,
20/10/2020 17:49:33.268,3412,TAI_400 @B73477,122138,1F00E3FF0004,31,-29,1024,
20/10/2020 17:49:33.315,3459,TAI_400 @B73477,122144,1900D3FFE903,25,-45,1001,
20/10/2020 17:49:33.364,3508,TAI_400 @B73477,122150,2700E7FFF003,39,-25,1008,
20/10/2020 17:49:33.413,3557,TAI_400 @B73477,122156,2000DAFFE303,32,-38,995,
20/10/2020 17:49:33.463,3607,TAI_400 @B73477,122163,1500D7FFF203,21,-41,1010,
20/10/2020 17:49:33.511,3655,TAI_400 @B73477,122169,1700E9FFF503,23,-23,1013,
20/10/2020 17:49:33.559,3703,TAI_400 @B73477,122175,2500DFFFF703,37,-33,1015,
20/10/2020 17:49:33.607,3751,TAI_400 @B73477,122181,1400E1FFF503,20,-31,1013,
20/10/2020 17:49:33.656,3800,TAI_400 @B73477,122188,2100EEFFF403,33,-18,1012,
20/10/2020 17:49:33.705,3849,TAI_400 @B73477,122194,1C00D8FFF803,28,-40,1016,
20/10/2020 17:49:33.754,3898,TAI_400 @B73477,122200,1D00D4FFE103,29,-44,993,
20/10/2020 17:49:33.803,3946,TAI_400 @B73477,122206,2800DFFFF903,40,-33,1017,
20/10/2020 17:49:33.900,4044,TAI_400 @B73477,122213,1900DCFFF703,25,-36,1015,
20/10/2020 17:49:33.949,4093,TAI_400 @B73477,122219,1000E8FFFB03,16,-24,1019,
20/10/2020 17:49:33.998,4142,TAI_400 @B73477,122225,2500E1FFFB03,37,-31,1019,
20/10/2020 17:49:34.046,4190,TAI_400 @B73477,122231,2000DFFFFB03,32,-33,1019,
20/10/2020 17:49:34.094,4238,TAI_400 @B73477,122238,1400E8FFEB03,20,-24,1003,
20/10/2020 17:49:34.143,4287,TAI_400 @B73477,122244,2200D6FFF303,34,-42,1011,
20/10/2020 17:49:34.193,4337,TAI_400 @B73477,122250,1100DAFFFA03,17,-38,1018,
20/10/2020 17:49:34.241,4385,TAI_400 @B73477,122256,1200E5FFF703,18,-27,1015,
20/10/2020 17:49:34.290,4434,TAI_400 @B73477,122263,1B00D6FFFB03,27,-42,1019,
20/10/2020 17:49:34.339,4483,TAI_400 @B73477,122269,1500E1FFF803,21,-31,1016,
20/10/2020 17:49:34.388,4532,TAI_400 @B73477,122275,2100E4FFEF03,33,-28,1007,
20/10/2020 17:49:34.436,4580,TAI_400 @B73477,122281,1800D3FFF003,24,-45,1008,
20/10/2020 17:49:34.485,4629,TAI_400 @B73477,122288,1300E3FFF503,19,-29,1013,
20/10/2020 17:49:34.534,4678,TAI_400 @B73477,122294,1E00E2FFF503,30,-30,1013,
20/10/2020 17:49:34.583,4727,TAI_400 @B73477,122300,1500D5FFF903,21,-43,1017,
20/10/2020 17:49:34.631,4775,TAI_400 @B73477,122306,2000E5FFF503,32,-27,1013,
20/10/2020 17:49:34.680,4824,TAI_400 @B73477,122313,2A00E2FFEF03,42,-30,1007,
20/10/2020 17:49:34.730,4874,TAI_400 @B73477,122319,1600D8FFF203,22,-40,1010,
20/10/2020 17:49:34.779,4923,TAI_400 @B73477,122325,1E00E0FFEC03,30,-32,1004,
20/10/2020 17:49:34.826,4970,TAI_400 @B73477,122331,2000D9FFF903,32,-39,1017,
20/10/2020 17:49:34.875,5019,TAI_400 @B73477,122338,0D00DDFFF903,13,-35,1017,
20/10/2020 17:49:34.924,5068,TAI_400 @B73477,122344,1700E8FFF603,23,-24,1014,
20/10/2020 17:49:34.972,5116,TAI_400 @B73477,122350,1900D1FF0004,25,-47,1024,
20/10/2020 17:49:35.071,5215,TAI_400 @B73477,122356,1400DAFFF603,20,-38,1014,
20/10/2020 17:49:35.119,5263,TAI_400 @B73477,122363,2800E3FFF403,40,-29,1012,
20/10/2020 17:49:35.168,5312,TAI_400 @B73477,122369,1700DAFFFE03,23,-38,1022,
20/10/2020 17:49:35.216,5359,TAI_400 @B73477,122375,1900E7FFF603,25,-25,1014,
20/10/2020 17:49:35.265,5409,TAI_400 @B73477,122381,2400E2FFFB03,36,-30,1019,
20/10/2020 17:49:35.314,5458,TAI_400 @B73477,122388,1600D4FFF903,22,-44,1017,
20/10/2020 17:49:35.363,5507,TAI_400 @B73477,122394,1700DFFFFC03,23,-33,1020,
20/10/2020 17:49:35.411,5555,TAI_400 @B73477,122400,2000D4FFFB03,32,-44,1019,
20/10/2020 17:49:35.460,5604,TAI_400 @B73477,122406,1400DAFFF003,20,-38,1008,
20/10/2020 17:49:35.509,5653,TAI_400 @B73477,122413,1A00DCFFF203,26,-36,1010,
20/10/2020 17:49:35.558,5702,TAI_400 @B73477,122419,1800D9FF0104,24,-39,1025,
20/10/2020 17:49:35.607,5751,TAI_400 @B73477,122425,1B00DDFFEE03,27,-35,1006,
20/10/2020 17:49:35.655,5799,TAI_400 @B73477,122431,2200E5FFF703,34,-27,1015,
20/10/2020 17:49:35.704,5848,TAI_400 @B73477,122438,1B00DBFF0304,27,-37,1027,
20/10/2020 17:49:35.752,5896,TAI_400 @B73477,122444,1D00E6FFEE03,29,-26,1006,
20/10/2020 17:49:35.801,5945,TAI_400 @B73477,122450,3700D3FFEF03,55,-45,1007,
20/10/2020 17:49:35.850,5994,TAI_400 @B73477,122456,1B00D5FFF403,27,-43,1012,
20/10/2020 17:49:35.899,6043,TAI_400 @B73477,122463,1F00E9FFF603,31,-23,1014,
20/10/2020 17:49:35.948,6092,TAI_400 @B73477,122469,2200E0FFF803,34,-32,1016,
20/10/2020 17:49:35.996,6140,TAI_400 @B73477,122475,2000D2FFFD03,32,-46,1021,
20/10/2020 17:49:36.045,6189,TAI_400 @B73477,122481,1900E2FFEE03,25,-30,1006,
20/10/2020 17:49:36.094,6238,TAI_400 @B73477,122488,1700DCFFF503,23,-36,1013,
20/10/2020 17:49:36.144,6288,TAI_400 @B73477,122494,1300E3FFF803,19,-29,1016,
20/10/2020 17:49:36.241,6384,TAI_400 @B73477,122500,1E00DDFFF403,30,-35,1012,
20/10/2020 17:49:36.288,6432,TAI_400 @B73477,122506,1A00D9FFFE03,26,-39,1022,
20/10/2020 17:49:36.337,6481,TAI_400 @B73477,122513,1200EAFFF403,18,-22,1012,
20/10/2020 17:49:36.386,6530,TAI_400 @B73477,122519,2100CFFFF703,33,-49,1015,
20/10/2020 17:49:36.435,6579,TAI_400 @B73477,122525,1700D3FFF903,23,-45,1017,
20/10/2020 17:49:36.485,6629,TAI_400 @B73477,122531,1A00E6FFED03,26,-26,1005,
20/10/2020 17:49:36.533,6677,TAI_400 @B73477,122538,2300DEFFF703,35,-34,1015,
20/10/2020 17:49:36.582,6726,TAI_400 @B73477,122544,1600D8FFFC03,22,-40,1020,
20/10/2020 17:49:36.631,6775,TAI_400 @B73477,122550,1800EBFFF603,24,-21,1014,
20/10/2020 17:49:36.680,6824,TAI_400 @B73477,122556,1B00D4FFEE03,27,-44,1006,
20/10/2020 17:49:36.729,6873,TAI_400 @B73477,122563,2200DBFFF203,34,-37,1010,
20/10/2020 17:49:36.776,6920,TAI_400 @B73477,122569,2F00E9FF0704,47,-23,1031,
20/10/2020 17:49:36.825,6969,TAI_400 @B73477,122575,1800D2FFF803,24,-46,1016,
20/10/2020 17:49:36.873,7017,TAI_400 @B73477,122581,0C00E9FFFC03,12,-23,1020,
20/10/2020 17:49:36.923,7067,TAI_400 @B73477,122588,1F00E3FFF603,31,-29,1014,
20/10/2020 17:49:36.971,7115,TAI_400 @B73477,122594,1300D1FFF503,19,-47,1013,
20/10/2020 17:49:37.021,7165,TAI_400 @B73477,122600,1000EFFFFC03,16,-17,1020,
20/10/2020 17:49:37.069,7213,TAI_400 @B73477,122606,2100E0FFFA03,33,-32,1018,
20/10/2020 17:49:37.118,7262,TAI_400 @B73477,122613,1600DDFFFC03,22,-35,1020,
20/10/2020 17:49:37.167,7311,TAI_400 @B73477,122619,2200EDFFFC03,34,-19,1020,
20/10/2020 17:49:37.215,7359,TAI_400 @B73477,122625,2000DDFFF003,32,-35,1008,
20/10/2020 17:49:37.266,7410,TAI_400 @B73477,122631,1200E3FFF303,18,-29,1011,
20/10/2020 17:49:37.363,7507,TAI_400 @B73477,122638,2000FAFFF303,32,-6,1011,
20/10/2020 17:49:37.410,7554,TAI_400 @B73477,122644,1800D9FFF403,24,-39,1012,
20/10/2020 17:49:37.459,7603,TAI_400 @B73477,122650,1100DAFF0304,17,-38,1027,
20/10/2020 17:49:37.507,7651,TAI_400 @B73477,122656,1D00DFFFFC03,29,-33,1020,
20/10/2020 17:49:37.556,7700,TAI_400 @B73477,122663,1B00D5FFFC03,27,-43,1020,
20/10/2020 17:49:37.605,7749,TAI_400 @B73477,122669,1100E8FFF203,17,-24,1010,
20/10/2020 17:49:37.654,7798,TAI_400 @B73477,122675,1B00E3FFF803,27,-29,1016,
20/10/2020 17:49:37.703,7847,TAI_400 @B73477,122681,1800DDFFF203,24,-35,1010,
20/10/2020 17:49:37.751,7895,TAI_400 @B73477,122688,1500E3FFFE03,21,-29,1022,
20/10/2020 17:49:37.800,7944,TAI_400 @B73477,122694,1E00DEFFF603,30,-34,1014,
20/10/2020 17:49:37.849,7993,TAI_400 @B73477,122700,1900DCFFEF03,25,-36,1007,
20/10/2020 17:49:37.897,8041,TAI_400 @B73477,122706,2500EBFFF503,37,-21,1013,
20/10/2020 17:49:37.946,8090,TAI_400 @B73477,122713,2400D2FFF003,36,-46,1008,
20/10/2020 17:49:37.995,8139,TAI_400 @B73477,122719,1000E4FF0104,16,-28,1025,
20/10/2020 17:49:38.045,8189,TAI_400 @B73477,122725,2200E8FFF703,34,-24,1015,
20/10/2020 17:49:38.092,8236,TAI_400 @B73477,122731,1800D9FFF003,24,-39,1008,
20/10/2020 17:49:38.141,8285,TAI_400 @B73477,122738,1900E6FFEF03,25,-26,1007,
20/10/2020 17:49:38.191,8335,TAI_400 @B73477,122744,1C00DDFFFA03,28,-35,1018,
20/10/2020 17:49:38.239,8383,TAI_400 @B73477,122750,1200D6FFEE03,18,-42,1006,
20/10/2020 17:49:38.287,8431,TAI_400 @B73477,122756,1000EBFF0004,16,-21,1024,
20/10/2020 17:49:38.337,8480,TAI_400 @B73477,122763,2000E4FFF903,32,-28,1017,
20/10/2020 17:49:38.385,8529,TAI_400 @B73477,122769,1D00D8FFF103,29,-40,1009,
20/10/2020 17:49:38.434,8578,TAI_400 @B73477,122775,1B00E9FFF803,27,-23,1016,
20/10/2020 17:49:38.531,8675,TAI_400 @B73477,122781,2400D9FFFA03,36,-39,1018,
20/10/2020 17:49:38.579,8723,TAI_400 @B73477,122788,1400E2FFF703,20,-30,1015,
20/10/2020 17:49:38.629,8773,TAI_400 @B73477,122794,2200F5FFFB03,34,-11,1019,
20/10/2020 17:49:38.678,8822,TAI_400 @B73477,122800,2000D8FF0704,32,-40,1031,
20/10/2020 17:49:38.726,8870,TAI_400 @B73477,122806,1F00E3FFF803,31,-29,1016,
20/10/2020 17:49:38.775,8919,TAI_400 @B73477,122813,1A00DFFFF803,26,-33,1016,
20/10/2020 17:49:38.824,8968,TAI_400 @B73477,122819,1C00D4FFFC03,28,-44,1020,
20/10/2020 17:49:38.873,9017,TAI_400 @B73477,122825,1E00E0FFEA03,30,-32,1002,
20/10/2020 17:49:38.921,9065,TAI_400 @B73477,122831,1B00DAFFF703,27,-38,1015,
20/10/2020 17:49:38.970,9114,TAI_400 @B73477,122838,1400D7FFF403,20,-41,1012,
20/10/2020 17:49:39.018,9162,TAI_400 @B73477,122844,1B00EDFFF603,27,-19,1014,
20/10/2020 17:49:39.067,9211,TAI_400 @B73477,122850,1A00DBFFF403,26,-37,1012,
20/10/2020 17:49:39.116,9260,TAI_400 @B73477,122856,1700E3FFF803,23,-29,1016,
20/10/2020 17:49:39.165,9309,TAI_400 @B73477,122863,2200E3FFF003,34,-29,1008,
20/10/2020 17:49:39.214,9358,TAI_400 @B73477,122869,1800D7FFF303,24,-41,1011,
20/10/2020 17:49:39.265,9408,TAI_400 @B73477,122875,1B00EAFFFC03,27,-22,1020,
20/10/2020 17:49:39.313,9457,TAI_400 @B73477,122881,2100DBFFED03,33,-37,1005,
20/10/2020 17:49:39.360,9504,TAI_400 @B73477,122888,1C00D2FF0004,28,-46,1024,
20/10/2020 17:49:39.409,9553,TAI_400 @B73477,122894,1600E6FFF003,22,-26,1008,
20/10/2020 17:49:39.457,9601,TAI_400 @B73477,122900,1E00DDFFF303,30,-35,1011,
20/10/2020 17:49:39.506,9650,TAI_400 @B73477,122906,1000CBFFFF03,16,-53,1023,
20/10/2020 17:49:39.554,9698,TAI_400 @B73477,122913,1400E9FFEF03,20,-23,1007,
20/10/2020 17:49:39.652,9796,TAI_400 @B73477,122919,2300D7FFF903,35,-41,1017,
20/10/2020 17:49:39.701,9845,TAI_400 @B73477,122925,1600DCFFFA03,22,-36,1018,
20/10/2020 17:49:39.749,9893,TAI_400 @B73477,122931,1D00E2FFEE03,29,-30,1006,
20/10/2020 17:49:39.798,9942,TAI_400 @B73477,122938,2000D8FFF203,32,-40,1010,
20/10/2020 17:49:39.847,9991,TAI_400 @B73477,122944,1A00E3FFF203,26,-29,1010,
20/10/2020 17:49:39.897,10041,TAI_400 @B73477,122950,1C00E0FFF203,28,-32,1010,
20/10/2020 17:49:39.944,10088,TAI_400 @B73477,122956,1D00D1FFF403,29,-47,1012,
20/10/2020 17:49:39.993,10137,TAI_400 @B73477,122963,1500E9FFEE03,21,-23,1006,
20/10/2020 17:49:40.041,10185,TAI_400 @B73477,122969,2600E1FFF603,38,-31,1014,
20/10/2020 17:49:40.091,10235,TAI_400 @B73477,122975,1900DAFFF803,25,-38,1016,
20/10/2020 17:49:40.139,10283,TAI_400 @B73477,122981,1800E7FFFF03,24,-25,1023,
20/10/2020 17:49:40.188,10332,TAI_400 @B73477,122988,1B00D7FFF503,27,-41,1013,
20/10/2020 17:49:40.237,10381,TAI_400 @B73477,122994,1D00DCFFFE03,29,-36,1022,
20/10/2020 17:49:40.286,10430,TAI_400 @B73477,123000,1800F3FFF203,24,-13,1010,
20/10/2020 17:49:40.335,10479,TAI_400 @B73477,123006,2500D5FFF503,37,-43,1013,
20/10/2020 17:49:40.383,10527,TAI_400 @B73477,123013,1300DAFFF003,19,-38,1008,
20/10/2020 17:49:40.432,10576,TAI_400 @B73477,123019,1E00E0FFF703,30,-32,1015,
20/10/2020 17:49:40.481,10625,TAI_400 @B73477,123025,1400D7FFF903,20,-41,1017,
20/10/2020 17:49:40.530,10674,TAI_400 @B73477,123031,1A00DFFFE503,26,-33,997,
20/10/2020 17:49:40.578,10722,TAI_400 @B73477,123038,1E00D5FFF703,30,-43,1015,
20/10/2020 17:49:40.629,10773,TAI_400 @B73477,123044,1A00D8FFF703,26,-40,1015,
20/10/2020 17:49:40.676,10820,TAI_400 @B73477,123050,1D00E3FFEC03,29,-29,1004,
20/10/2020 17:49:40.774,10918,TAI_400 @B73477,123056,2600D8FFF803,38,-40,1016,
20/10/2020 17:49:40.822,10966,TAI_400 @B73477,123063,1A00D8FFFC03,26,-40,1020,
20/10/2020 17:49:40.872,11016,TAI_400 @B73477,123069,2200EAFFF303,34,-22,1011,
20/10/2020 17:49:40.920,11064,TAI_400 @B73477,123075,1D00DEFFFE03,29,-34,1022,
20/10/2020 17:49:40.969,11113,TAI_400 @B73477,123081,1700D6FFFD03,23,-42,1021,
20/10/2020 17:49:41.018,11162,TAI_400 @B73477,123088,2500E3FFF503,37,-29,1013,
20/10/2020 17:49:41.066,11210,TAI_400 @B73477,123094,1C00D8FFF903,28,-40,1017,
20/10/2020 17:49:41.114,11258,TAI_400 @B73477,123100,1800E8FFF603,24,-24,1014,
20/10/2020 17:49:41.164,11308,TAI_400 @B73477,123106,1C00E3FFF503,28,-29,1013,
20/10/2020 17:49:41.214,11358,TAI_400 @B73477,123113,1B00D8FF0204,27,-40,1026,
20/10/2020 17:49:41.262,11406,TAI_400 @B73477,123119,1E00E3FFF103,30,-29,1009,
20/10/2020 17:49:41.310,11454,TAI_400 @B73477,123125,2000DFFFFA03,32,-33,1018,
20/10/2020 17:49:41.359,11503,TAI_400 @B73477,123131,1900D8FFF803,25,-40,1016,
20/10/2020 17:49:41.407,11551,TAI_400 @B73477,123138,1800E8FFF103,24,-24,1009,
20/10/2020 17:49:41.457,11600,TAI_400 @B73477,123144,2400D8FFF803,36,-40,1016,
20/10/2020 17:49:41.505,11649,TAI_400 @B73477,123150,1500DFFFF803,21,-33,1016,
20/10/2020 17:49:41.554,11698,TAI_400 @B73477,123156,1D00E6FFFD03,29,-26,1021,
20/10/2020 17:49:41.602,11746,TAI_400 @B73477,123163,1400D9FFFB03,20,-39,1019,
20/10/2020 17:49:41.651,11795,TAI_400 @B73477,123169,1400DFFFF403,20,-33,1012,
20/10/2020 17:49:41.700,11844,TAI_400 @B73477,123175,1C00DDFFF203,28,-35,1010,
20/10/2020 17:49:41.749,11893,TAI_400 @B73477,123181,1700DBFFFA03,23,-37,1018,
20/10/2020 17:49:41.798,11942,TAI_400 @B73477,123188,1500DDFFEC03,21,-35,1004,
20/10/2020 17:49:41.846,11990,TAI_400 @B73477,123194,1E00E3FFF803,30,-29,1016,
20/10/2020 17:49:41.944,12088,TAI_400 @B73477,123200,1200DEFFF103,18,-34,1009,
20/10/2020 17:49:41.993,12137,TAI_400 @B73477,123206,1800E5FFF703,24,-27,1015,
20/10/2020 17:49:42.041,12185,TAI_400 @B73477,123213,1C00DDFFF503,28,-35,1013,
20/10/2020 17:49:42.090,12234,TAI_400 @B73477,123219,1600DDFFF203,22,-35,1010,
20/10/2020 17:49:42.140,12284,TAI_400 @B73477,123225,1B00E8FFF303,27,-24,1011,
20/10/2020 17:49:42.188,12331,TAI_400 @B73477,123231,2600D9FFEF03,38,-39,1007,
20/10/2020 17:49:42.235,12379,TAI_400 @B73477,123238,1D00E2FFF303,29,-30,1011,
20/10/2020 17:49:42.285,12429,TAI_400 @B73477,123244,1F00E0FFF203,31,-32,1010,
20/10/2020 17:49:42.334,12478,TAI_400 @B73477,123250,2100D6FFFE03,33,-42,1022,
20/10/2020 17:49:42.383,12527,TAI_400 @B73477,123256,1100DDFFE003,17,-35,992,
20/10/2020 17:49:42.432,12576,TAI_400 @B73477,123263,1A00DCFFF703,26,-36,1015,
20/10/2020 17:49:42.481,12625,TAI_400 @B73477,123269,1700D6FFFA03,23,-42,1018,
20/10/2020 17:49:42.529,12673,TAI_400 @B73477,123275,1700DDFFF703,23,-35,1015,
20/10/2020 17:49:42.579,12723,TAI_400 @B73477,123281,2A00D8FFF303,42,-40,1011,
20/10/2020 17:49:42.627,12771,TAI_400 @B73477,123288,1400DAFFFE03,20,-38,1022,
20/10/2020 17:49:42.677,12821,TAI_400 @B73477,123294,1800DEFFEB03,24,-34,1003,
20/10/2020 17:49:42.723,12867,TAI_400 @B73477,123300,2300D9FFEE03,35,-39,1006,
20/10/2020 17:49:42.772,12916,TAI_400 @B73477,123306,0900DDFFFB03,9,-35,1019,
20/10/2020 17:49:42.822,12966,TAI_400 @B73477,123313,1F00E3FFF503,31,-29,1013,
20/10/2020 17:49:42.870,13014,TAI_400 @B73477,123319,1300DBFFF603,19,-37,1014,
20/10/2020 17:49:42.919,13063,TAI_400 @B73477,123325,1400E0FFF503,20,-32,1013,
20/10/2020 17:49:42.967,13111,TAI_400 @B73477,123331,2900E1FFF603,41,-31,1014,
20/10/2020 17:49:43.066,13210,TAI_400 @B73477,123338,1A00D5FFF203,26,-43,1010,
20/10/2020 17:49:43.114,13258,TAI_400 @B73477,123344,0800E4FFFB03,8,-28,1019,
20/10/2020 17:49:43.163,13307,TAI_400 @B73477,123350,2000DDFFFA03,32,-35,1018,
20/10/2020 17:49:43.213,13357,TAI_400 @B73477,123356,1900CEFFF403,25,-50,1012,
20/10/2020 17:49:43.260,13404,TAI_400 @B73477,123363,1700E3FFEF03,23,-29,1007,
20/10/2020 17:49:43.308,13452,TAI_400 @B73477,123369,1700D3FFF403,23,-45,1012,
20/10/2020 17:49:43.357,13501,TAI_400 @B73477,123375,1600DEFFF803,22,-34,1016,
20/10/2020 17:49:43.406,13550,TAI_400 @B73477,123381,1600DFFFF203,22,-33,1010,
20/10/2020 17:49:43.455,13599,TAI_400 @B73477,123388,2000DBFF1504,32,-37,1045,
20/10/2020 17:49:43.504,13648,TAI_400 @B73477,123394,2400DCFF0404,36,-36,1028,
20/10/2020 17:49:43.554,13698,TAI_400 @B73477,123400,2600E3FFF103,38,-29,1009,
20/10/2020 17:49:43.601,13745,TAI_400 @B73477,123406,1B00DAFFF803,27,-38,1016,
20/10/2020 17:49:43.650,13794,TAI_400 @B73477,123413,2000E5FFF403,32,-27,1012,
20/10/2020 17:49:43.698,13842,TAI_400 @B73477,123419,2300E0FFF503,35,-32,1013,
20/10/2020 17:49:43.748,13892,TAI_400 @B73477,123425,1200DCFF1504,18,-36,1045,
20/10/2020 17:49:43.796,13940,TAI_400 @B73477,123431,1100E6FFF403,17,-26,1012,
20/10/2020 17:49:43.844,13988,TAI_400 @B73477,123438,2100D9FFFF03,33,-39,1023,
20/10/2020 17:49:43.894,14038,TAI_400 @B73477,123444,1900DAFFF103,25,-38,1009,
20/10/2020 17:49:43.943,14087,TAI_400 @B73477,123450,2200E1FFEF03,34,-31,1007,
20/10/2020 17:49:43.991,14135,TAI_400 @B73477,123456,2000D3FFF603,32,-45,1014,
20/10/2020 17:49:44.040,14184,TAI_400 @B73477,123463,1800E3FFEF03,24,-29,1007,
20/10/2020 17:49:44.089,14233,TAI_400 @B73477,123469,1A00E7FFF203,26,-25,1010,
20/10/2020 17:49:44.138,14282,TAI_400 @B73477,123475,2000D9FFEE03,32,-39,1006,
20/10/2020 17:49:44.235,14379,TAI_400 @B73477,123481,2800E5FFF203,40,-27,1010,
20/10/2020 17:49:44.284,14428,TAI_400 @B73477,123488,2900E0FFF303,41,-32,1011,
20/10/2020 17:49:44.333,14477,TAI_400 @B73477,123494,1A00D4FFF703,26,-44,1015,
20/10/2020 17:49:44.381,14525,TAI_400 @B73477,123500,1B00E3FFF503,27,-29,1013,
20/10/2020 17:49:44.430,14574,TAI_400 @B73477,123506,2700DEFFF703,39,-34,1015,
20/10/2020 17:49:44.481,14625,TAI_400 @B73477,123513,1500D5FFF103,21,-43,1009,
20/10/2020 17:49:44.530,14674,TAI_400 @B73477,123519,2100E7FFF303,33,-25,1011,
20/10/2020 17:49:44.577,14720,TAI_400 @B73477,123525,2400DEFFF803,36,-34,1016,
20/10/2020 17:49:44.625,14769,TAI_400 @B73477,123531,1A00E0FFF303,26,-32,1011,
20/10/2020 17:49:44.675,14819,TAI_400 @B73477,123538,1C00E4FFF303,28,-28,1011,
20/10/2020 17:49:44.723,14867,TAI_400 @B73477,123544,0D00DEFF0804,13,-34,1032,
20/10/2020 17:49:44.771,14915,TAI_400 @B73477,123550,1600E9FFFF03,22,-23,1023,
20/10/2020 17:49:44.820,14964,TAI_400 @B73477,123556,1B00E3FFF303,27,-29,1011,
20/10/2020 17:49:44.869,15012,TAI_400 @B73477,123563,1F00DAFFF103,31,-38,1009,
20/10/2020 17:49:44.917,15061,TAI_400 @B73477,123569,1800E4FFF503,24,-28,1013,
20/10/2020 17:49:44.966,15110,TAI_400 @B73477,123575,1E00E2FFFA03,30,-30,1018,
20/10/2020 17:49:45.015,15159,TAI_400 @B73477,123581,1900D8FFF703,25,-40,1015,
20/10/2020 17:49:45.064,15208,TAI_400 @B73477,123588,1B00E4FFF403,27,-28,1012,
20/10/2020 17:49:45.114,15258,TAI_400 @B73477,123594,2300E0FFFC03,35,-32,1020,
20/10/2020 17:49:45.163,15306,TAI_400 @B73477,123600,1800E0FFF603,24,-32,1014,
20/10/2020 17:49:45.211,15355,TAI_400 @B73477,123606,1E00E0FFF803,30,-32,1016,
20/10/2020 17:49:45.259,15403,TAI_400 @B73477,123613,2200D5FFFE03,34,-43,1022,
20/10/2020 17:49:45.308,15452,TAI_400 @B73477,123619,1000DDFFF803,16,-35,1016,
20/10/2020 17:49:45.405,15549,TAI_400 @B73477,123625,2100E4FFF603,33,-28,1014,
20/10/2020 17:49:45.454,15598,TAI_400 @B73477,123631,1100CBFFFA03,17,-53,1018,
20/10/2020 17:49:45.503,15647,TAI_400 @B73477,123638,1800DCFFE803,24,-36,1000,
20/10/2020 17:49:45.551,15695,TAI_400 @B73477,123644,1800DDFFFF03,24,-35,1023,
20/10/2020 17:49:45.600,15744,TAI_400 @B73477,123650,1600D7FFEF03,22,-41,1007,
20/10/2020 17:49:45.650,15794,TAI_400 @B73477,123656,1500E6FFF403,21,-26,1012,
20/10/2020 17:49:45.698,15842,TAI_400 @B73477,123663,2C00E2FFF503,44,-30,1013,
20/10/2020 17:49:45.746,15890,TAI_400 @B73477,123669,1800DDFF0004,24,-35,1024,
20/10/2020 17:49:45.797,15941,TAI_400 @B73477,123675,2400E1FFEB03,36,-31,1003,
20/10/2020 17:49:45.843,15987,TAI_400 @B73477,123681,2900DDFFF503,41,-35,1013,
20/10/2020 17:49:45.893,16037,TAI_400 @B73477,123688,1300DDFFF803,19,-35,1016,
20/10/2020 17:49:45.941,16085,TAI_400 @B73477,123694,2100E5FFF503,33,-27,1013,
20/10/2020 17:49:45.990,16134,TAI_400 @B73477,123700,2000D6FFF203,32,-42,1010,
20/10/2020 17:49:46.039,16183,TAI_400 @B73477,123706,1200E0FFF403,18,-32,1012,
20/10/2020 17:49:46.088,16232,TAI_400 @B73477,123713,2400DFFFF303,36,-33,1011,
20/10/2020 17:49:46.136,16280,TAI_400 @B73477,123719,1200D6FFFB03,18,-42,1019,
20/10/2020 17:49:46.185,16329,TAI_400 @B73477,123725,1900E2FFF803,25,-30,1016,
20/10/2020 17:49:46.234,16378,TAI_400 @B73477,123731,1F00DCFFFB03,31,-36,1019,
20/10/2020 17:49:46.282,16426,TAI_400 @B73477,123738,1900DCFFF403,25,-36,1012,
20/10/2020 17:49:46.332,16475,TAI_400 @B73477,123744,1F00E8FFF203,31,-24,1010,
20/10/2020 17:49:46.380,16524,TAI_400 @B73477,123750,2300D4FF0004,35,-44,1024,
20/10/2020 17:49:46.431,16575,TAI_400 @B73477,123756,1400DEFFF603,20,-34,1014,
20/10/2020 17:49:46.526,16670,TAI_400 @B73477,123763,2500EDFF0504,37,-19,1029,
20/10/2020 17:49:46.575,16719,TAI_400 @B73477,123769,1E00D7FFF703,30,-41,1015,
20/10/2020 17:49:46.623,16767,TAI_400 @B73477,123775,1900E1FFF403,25,-31,1012,
20/10/2020 17:49:46.673,16817,TAI_400 @B73477,123781,1A00E3FFF603,26,-29,1014,
20/10/2020 17:49:46.722,16866,TAI_400 @B73477,123788,1800D0FFFB03,24,-48,1019,
20/10/2020 17:49:46.770,16914,TAI_400 @B73477,123794,1B00E1FFF203,27,-31,1010,
20/10/2020 17:49:46.819,16963,TAI_400 @B73477,123800,2300DBFFF203,35,-37,1010,
20/10/2020 17:49:46.868,17012,TAI_400 @B73477,123806,1400D9FFF603,20,-39,1014,
20/10/2020 17:49:46.917,17061,TAI_400 @B73477,123813,1700E7FFF803,23,-25,1016,
20/10/2020 17:49:46.967,17111,TAI_400 @B73477,123819,1E00E3FFF803,30,-29,1016,
20/10/2020 17:49:47.014,17158,TAI_400 @B73477,123825,1800E0FFFA03,24,-32,1018,
20/10/2020 17:49:47.065,17209,TAI_400 @B73477,123831,1C00EEFFF403,28,-18,1012,
20/10/2020 17:49:47.111,17255,TAI_400 @B73477,123838,1C00D6FF0204,28,-42,1026,
20/10/2020 17:49:47.160,17304,TAI_400 @B73477,123844,0F00E2FFF503,15,-30,1013,
20/10/2020 17:49:47.208,17352,TAI_400 @B73477,123850,2600E5FFF603,38,-27,1014,
20/10/2020 17:49:47.258,17402,TAI_400 @B73477,123856,1900DAFF0304,25,-38,1027,
20/10/2020 17:49:47.306,17450,TAI_400 @B73477,123863,1300E3FFF703,19,-29,1015,
20/10/2020 17:49:47.355,17499,TAI_400 @B73477,123869,2300DBFF0604,35,-37,1030,
20/10/2020 17:49:47.404,17548,TAI_400 @B73477,123875,1A00D7FFF703,26,-41,1015,
20/10/2020 17:49:47.453,17597,TAI_400 @B73477,123881,1B00ECFFEF03,27,-20,1007,
20/10/2020 17:49:47.502,17646,TAI_400 @B73477,123888,2500DEFFFB03,37,-34,1019,
20/10/2020 17:49:47.550,17694,TAI_400 @B73477,123894,1500DAFF0304,21,-38,1027,
20/10/2020 17:49:47.647,17791,TAI_400 @B73477,123900,1C00EAFFF703,28,-22,1015,
20/10/2020 17:49:47.698,17842,TAI_400 @B73477,123906,1F00D8FFFB03,31,-40,1019,
20/10/2020 17:49:47.745,17889,TAI_400 @B73477,123913,1900DDFFF303,25,-35,1011,
20/10/2020 17:49:47.793,17937,TAI_400 @B73477,123919,2300E7FFEE03,35,-25,1006,
20/10/2020 17:49:47.842,17986,TAI_400 @B73477,123925,1E00D7FFF703,30,-41,1015,
20/10/2020 17:49:47.891,18035,TAI_400 @B73477,123931,1800E4FFEB03,24,-28,1003,
20/10/2020 17:49:47.939,18083,TAI_400 @B73477,123938,2700E6FFF503,39,-26,1013,
20/10/2020 17:49:47.988,18132,TAI_400 @B73477,123944,1700DCFFFE03,23,-36,1022,
20/10/2020 17:49:48.038,18182,TAI_400 @B73477,123950,2300E7FFEF03,35,-25,1007,
20/10/2020 17:49:48.086,18230,TAI_400 @B73477,123956,1F00DCFFFD03,31,-36,1021,
20/10/2020 17:49:48.134,18278,TAI_400 @B73477,123963,1A00DCFFF403,26,-36,1012,
20/10/2020 17:49:48.184,18328,TAI_400 @B73477,123969,1E00ECFFEE03,30,-20,1006,
20/10/2020 17:49:48.234,18378,TAI_400 @B73477,123975,1E00D7FFF903,30,-41,1017,
20/10/2020 17:49:48.282,18426,TAI_400 @B73477,123981,1800DCFFFA03,24,-36,1018,
20/10/2020 17:49:48.330,18474,TAI_400 @B73477,123988,2100E2FFF003,33,-30,1008,
20/10/2020 17:49:48.382,18525,TAI_400 @B73477,123994,1D00DCFFFF03,29,-36,1023,
20/10/2020 17:49:48.427,18571,TAI_400 @B73477,124000,1500E2FF0204,21,-30,1026,
20/10/2020 17:49:48.477,18620,TAI_400 @B73477,124006,2300E5FFF203,35,-27,1010,
20/10/2020 17:49:48.525,18669,TAI_400 @B73477,124013,1600D7FF0304,22,-41,1027,
20/10/2020 17:49:48.574,18718,TAI_400 @B73477,124019,1E00E8FFF703,30,-24,1015,
20/10/2020 17:49:48.623,18767,TAI_400 @B73477,124025,2700DCFFF103,39,-36,1009,
20/10/2020 17:49:48.671,18814,TAI_400 @B73477,124031,1500D8FF0404,21,-40,1028,
20/10/2020 17:49:48.719,18863,TAI_400 @B73477,124038,1B00E7FFF703,27,-25,1015,
20/10/2020 17:49:48.817,18961,TAI_400 @B73477,124044,1A00DAFFF603,26,-38,1014,
20/10/2020 17:49:48.866,19010,TAI_400 @B73477,124050,1800E2FFF503,24,-30,1013,
20/10/2020 17:49:48.915,19059,TAI_400 @B73477,124056,2100EAFFEF03,33,-22,1007,
20/10/2020 17:49:48.965,19109,TAI_400 @B73477,124063,1400D9FFF703,20,-39,1015,
20/10/2020 17:49:49.013,19157,TAI_400 @B73477,124069,1400E1FFF303,20,-31,1011,
20/10/2020 17:49:49.061,19205,TAI_400 @B73477,124075,2500E6FFF303,37,-26,1011,
20/10/2020 17:49:49.110,19254,TAI_400 @B73477,124081,1400D8FFFD03,20,-40,1021,
20/10/2020 17:49:49.159,19303,TAI_400 @B73477,124088,1E00EDFFF103,30,-19,1009,
20/10/2020 17:49:49.207,19351,TAI_400 @B73477,124094,2600D7FFF503,38,-41,1013,
20/10/2020 17:49:49.256,19400,TAI_400 @B73477,124100,1800D2FFFA03,24,-46,1018,
20/10/2020 17:49:49.305,19449,TAI_400 @B73477,124106,1D00E2FFF103,29,-30,1009,
20/10/2020 17:49:49.354,19498,TAI_400 @B73477,124113,1D00DAFFFB03,29,-38,1019,
20/10/2020 17:49:49.402,19546,TAI_400 @B73477,124119,1B00D4FFEF03,27,-44,1007,
20/10/2020 17:49:49.451,19595,TAI_400 @B73477,124125,2900EDFF0004,41,-19,1024,
20/10/2020 17:49:49.500,19644,TAI_400 @B73477,124131,1D00DCFFF803,29,-36,1016,
20/10/2020 17:49:49.550,19694,TAI_400 @B73477,124138,1100E0FF0304,17,-32,1027,
20/10/2020 17:49:49.598,19742,TAI_400 @B73477,124144,2200E9FFEE03,34,-23,1006,
20/10/2020 17:49:49.646,19790,TAI_400 @B73477,124150,1200E4FFF503,18,-28,1013,
20/10/2020 17:49:49.695,19839,TAI_400 @B73477,124156,1300E1FFF403,19,-31,1012,
20/10/2020 17:49:49.744,19888,TAI_400 @B73477,124163,1900E4FFF803,25,-28,1016,
20/10/2020 17:49:49.793,19936,TAI_400 @B73477,124169,1800DCFFF703,24,-36,1015,
20/10/2020 17:49:49.841,19985,TAI_400 @B73477,124175,1700E5FFF303,23,-27,1011,
20/10/2020 17:49:49.939,20083,TAI_400 @B73477,124181,1B00E3FFF803,27,-29,1016,
20/10/2020 17:49:49.987,20131,TAI_400 @B73477,124188,1A00EAFFF703,26,-22,1015,
20/10/2020 17:49:50.036,20180,TAI_400 @B73477,124194,1A00E8FFF703,26,-24,1015,
20/10/2020 17:49:50.085,20229,TAI_400 @B73477,124200,2500D8FFF103,37,-40,1009,
20/10/2020 17:49:50.134,20278,TAI_400 @B73477,124206,2300E4FFE603,35,-28,998,
20/10/2020 17:49:50.183,20327,TAI_400 @B73477,124213,1D00DDFFFA03,29,-35,1018,
20/10/2020 17:49:50.231,20375,TAI_400 @B73477,124219,1F00D4FFF503,31,-44,1013,
20/10/2020 17:49:50.282,20426,TAI_400 @B73477,124225,1600DEFFF003,22,-34,1008,
20/10/2020 17:49:50.329,20473,TAI_400 @B73477,124231,1D00E3FF0904,29,-29,1033,
20/10/2020 17:49:50.377,20521,TAI_400 @B73477,124238,1B00CCFF0504,27,-52,1029,
20/10/2020 17:49:50.426,20570,TAI_400 @B73477,124244,1000E5FFF203,16,-27,1010,
20/10/2020 17:49:50.475,20619,TAI_400 @B73477,124250,2600DEFFF703,38,-34,1015,
20/10/2020 17:49:50.524,20668,TAI_400 @B73477,124256,1B00DDFF0304,27,-35,1027,
20/10/2020 17:49:50.572,20716,TAI_400 @B73477,124263,1C00DEFFEB03,28,-34,1003,
20/10/2020 17:49:50.622,20766,TAI_400 @B73477,124269,2300E2FF0404,35,-30,1028,
20/10/2020 17:49:50.670,20814,TAI_400 @B73477,124275,1200D9FF0404,18,-39,1028,
20/10/2020 17:49:50.719,20863,TAI_400 @B73477,124281,1200E0FFF203,18,-32,1010,
20/10/2020 17:49:50.767,20911,TAI_400 @B73477,124288,1E00DAFFFE03,30,-38,1022,
20/10/2020 17:49:50.817,20961,TAI_400 @B73477,124294,1300E5FFF103,19,-27,1009,
20/10/2020 17:49:50.865,21009,TAI_400 @B73477,124300,2500E1FFF703,37,-31,1015,
20/10/2020 17:49:50.914,21058,TAI_400 @B73477,124306,1100D2FFF703,17,-46,1015,
20/10/2020 17:49:50.964,21108,TAI_400 @B73477,124313,1800E1FFF103,24,-31,1009,
20/10/2020 17:49:51.013,21157,TAI_400 @B73477,124319,2200E0FFFE03,34,-32,1022,
20/10/2020 17:49:51.108,21252,TAI_400 @B73477,124325,1500D9FFFD03,21,-39,1021,
20/10/2020 17:49:51.158,21302,TAI_400 @B73477,124331,1A00E7FFF403,26,-25,1012,
20/10/2020 17:49:51.207,21351,TAI_400 @B73477,124338,1F00DEFFF703,31,-34,1015,
20/10/2020 17:49:51.255,21399,TAI_400 @B73477,124344,1800D7FFF303,24,-41,1011,
20/10/2020 17:49:51.304,21448,TAI_400 @B73477,124350,1D00DEFFEE03,29,-34,1006,
20/10/2020 17:49:51.353,21497,TAI_400 @B73477,124356,2500D9FF0204,37,-39,1026,
20/10/2020 17:49:51.401,21545,TAI_400 @B73477,124363,1D00DFFFF303,29,-33,1011,
20/10/2020 17:49:51.449,21593,TAI_400 @B73477,124369,1E00E5FFFF03,30,-27,1023,
20/10/2020 17:49:51.499,21643,TAI_400 @B73477,124375,1700D7FFF703,23,-41,1015,
20/10/2020 17:49:51.549,21693,TAI_400 @B73477,124381,1300E2FFEF03,19,-30,1007,
20/10/2020 17:49:51.597,21741,TAI_400 @B73477,124388,2400E1FFF403,36,-31,1012,
20/10/2020 17:49:51.648,21792,TAI_400 @B73477,124394,1900E4FFFB03,25,-28,1019,
20/10/2020 17:49:51.694,21838,TAI_400 @B73477,124400,1000DDFFE403,16,-35,996,
20/10/2020 17:49:51.744,21888,TAI_400 @B73477,124406,1A00DAFFF403,26,-38,1012,
20/10/2020 17:49:51.791,21935,TAI_400 @B73477,124413,1600DDFFFC03,22,-35,1020,
20/10/2020 17:49:51.840,21984,TAI_400 @B73477,124419,2000E4FFF303,32,-28,1011,
20/10/2020 17:49:51.889,22033,TAI_400 @B73477,124425,2500DFFFFD03,37,-33,1021,
20/10/2020 17:49:51.938,22082,TAI_400 @B73477,124431,1100E5FFEC03,17,-27,1004,
20/10/2020 17:49:51.986,22130,TAI_400 @B73477,124438,2800ECFFF603,40,-20,1014,
20/10/2020 17:49:52.034,22178,TAI_400 @B73477,124444,1E00D7FFFC03,30,-41,1020,
20/10/2020 17:49:52.083,22227,TAI_400 @B73477,124450,1E00E5FFEF03,30,-27,1007,
20/10/2020 17:49:52.132,22276,TAI_400 @B73477,124456,2000E4FFF803,32,-28,1016,
20/10/2020 17:49:52.182,22326,TAI_400 @B73477,124463,1900D6FFF803,25,-42,1016,
20/10/2020 17:49:52.279,22423,TAI_400 @B73477,124469,1900EDFFF703,25,-19,1015,
20/10/2020 17:49:52.330,22474,TAI_400 @B73477,124475,1E00DBFFF803,30,-37,1016,
20/10/2020 17:49:52.376,22520,TAI_400 @B73477,124481,1D00DBFF0004,29,-37,1024,
20/10/2020 17:49:52.425,22569,TAI_400 @B73477,124488,2000E3FFF203,32,-29,1010,
20/10/2020 17:49:52.475,22618,TAI_400 @B73477,124494,1E00DBFFFD03,30,-37,1021,
20/10/2020 17:49:52.523,22666,TAI_400 @B73477,124500,1100E0FFFC03,17,-32,1020,
20/10/2020 17:49:52.571,22715,TAI_400 @B73477,124506,1B00E2FFF403,27,-30,1012,
20/10/2020 17:49:52.620,22764,TAI_400 @B73477,124513,1A00D7FFEF03,26,-41,1007,
20/10/2020 17:49:52.669,22813,TAI_400 @B73477,124519,0D00E2FFFB03,13,-30,1019,
20/10/2020 17:49:52.717,22861,TAI_400 @B73477,124525,2400E5FFF903,36,-27,1017,
20/10/2020 17:49:52.766,22910,TAI_400 @B73477,124531,1F00DEFFFC03,31,-34,1020,
20/10/2020 17:49:52.816,22959,TAI_400 @B73477,124538,1800E3FFF603,24,-29,1014,
20/10/2020 17:49:52.864,23008,TAI_400 @B73477,124544,2700DBFFF403,39,-37,1012,
20/10/2020 17:49:52.914,23058,TAI_400 @B73477,124550,1700DEFFFF03,23,-34,1023,
20/10/2020 17:49:52.962,23106,TAI_400 @B73477,124556,1F00E0FFEE03,31,-32,1006,
20/10/2020 17:49:53.010,23154,TAI_400 @B73477,124563,2700DEFFF703,39,-34,1015,
20/10/2020 17:49:53.059,23203,TAI_400 @B73477,124569,0F00DAFFF703,15,-38,1015,
20/10/2020 17:49:53.107,23251,TAI_400 @B73477,124575,1C00DDFFFC03,28,-35,1020,
20/10/2020 17:49:53.157,23300,TAI_400 @B73477,124581,1900D6FFFB03,25,-42,1019,
20/10/2020 17:49:53.205,23349,TAI_400 @B73477,124588,1900D2FFEC03,25,-46,1004,
20/10/2020 17:49:53.254,23398,TAI_400 @B73477,124594,2400E4FFFC03,36,-28,1020,
20/10/2020 17:49:53.303,23447,TAI_400 @B73477,124600,1700D7FFF703,23,-41,1015,
20/10/2020 17:49:53.400,23544,TAI_400 @B73477,124606,1600E0FFEB03,22,-32,1003,
20/10/2020 17:49:53.449,23593,TAI_400 @B73477,124613,1D00E0FF0104,29,-32,1025,
20/10/2020 17:49:53.500,23643,TAI_400 @B73477,124619,1D00DBFFF703,29,-37,1015,
20/10/2020 17:49:53.547,23691,TAI_400 @B73477,124625,1400EAFFEB03,20,-22,1003,
20/10/2020 17:49:53.595,23739,TAI_400 @B73477,124631,2400D5FFFB03,36,-43,1019,
20/10/2020 17:49:53.643,23787,TAI_400 @B73477,124638,1C00E1FFF803,28,-31,1016,
20/10/2020 17:49:53.692,23836,TAI_400 @B73477,124644,1800EBFFEF03,24,-21,1007,
20/10/2020 17:49:53.741,23885,TAI_400 @B73477,124650,2100D7FFF803,33,-41,1016,
20/10/2020 17:49:53.790,23934,TAI_400 @B73477,124656,1500E1FFF203,21,-31,1010,
20/10/2020 17:49:53.839,23983,TAI_400 @B73477,124663,2300EBFFF503,35,-21,1013,
20/10/2020 17:49:53.888,24032,TAI_400 @B73477,124669,1B00D5FFF903,27,-43,1017,
20/10/2020 17:49:53.937,24081,TAI_400 @B73477,124675,1000E5FFF503,16,-27,1013,
20/10/2020 17:49:53.985,24129,TAI_400 @B73477,124681,2000E1FFF203,32,-31,1010,
20/10/2020 17:49:54.034,24178,TAI_400 @B73477,124688,1600D6FFFB03,22,-42,1019,
20/10/2020 17:49:54.083,24227,TAI_400 @B73477,124694,1F00E4FFE903,31,-28,1001,
20/10/2020 17:49:54.132,24276,TAI_400 @B73477,124700,1800DDFFFA03,24,-35,1018,
20/10/2020 17:49:54.181,24325,TAI_400 @B73477,124706,1000DBFFFE03,16,-37,1022,
20/10/2020 17:49:54.228,24372,TAI_400 @B73477,124713,1E00E8FFF903,30,-24,1017,
20/10/2020 17:49:54.277,24421,TAI_400 @B73477,124719,1B00DAFFEE03,27,-38,1006,
20/10/2020 17:49:54.326,24470,TAI_400 @B73477,124725,1400DFFFFB03,20,-33,1019,
20/10/2020 17:49:54.376,24519,TAI_400 @B73477,124731,1500E0FFFB03,21,-32,1019,
20/10/2020 17:49:54.424,24568,TAI_400 @B73477,124738,1800D7FFFB03,24,-41,1019,
20/10/2020 17:49:54.473,24617,TAI_400 @B73477,124744,1600E2FFF103,22,-30,1009,
20/10/2020 17:49:54.572,24716,TAI_400 @B73477,124750,1B00DAFFF703,27,-38,1015,
20/10/2020 17:49:54.619,24763,TAI_400 @B73477,124756,1200D9FFF203,18,-39,1010,
20/10/2020 17:49:54.668,24812,TAI_400 @B73477,124763,2200EDFFE603,34,-19,998,
20/10/2020 17:49:54.717,24861,TAI_400 @B73477,124769,2E00E2FFF003,46,-30,1008,
20/10/2020 17:49:54.765,24909,TAI_400 @B73477,124775,1400D7FF0204,20,-41,1026,
20/10/2020 17:49:54.813,24957,TAI_400 @B73477,124781,1A00E5FFF403,26,-27,1012,
20/10/2020 17:49:54.864,25008,TAI_400 @B73477,124788,2000E0FFF803,32,-32,1016,
20/10/2020 17:49:54.911,25055,TAI_400 @B73477,124794,1C00DCFFF903,28,-36,1017,
20/10/2020 17:49:54.960,25104,TAI_400 @B73477,124800,1B00EEFF0004,27,-18,1024,
20/10/2020 17:49:55.010,25154,TAI_400 @B73477,124806,1E00D8FFFF03,30,-40,1023,
20/10/2020 17:49:55.058,25202,TAI_400 @B73477,124813,1500DEFFE703,21,-34,999,
20/10/2020 17:49:55.106,25250,TAI_400 @B73477,124819,2000DAFFF603,32,-38,1014,
20/10/2020 17:49:55.155,25299,TAI_400 @B73477,124825,1500D6FFFD03,21,-42,1021,
20/10/2020 17:49:55.204,25348,TAI_400 @B73477,124831,1600E2FFF703,22,-30,1015,
20/10/2020 17:49:55.253,25397,TAI_400 @B73477,124838,1B00E6FFFC03,27,-26,1020,
20/10/2020 17:49:55.301,25445,TAI_400 @B73477,124844,1300D7FFF403,19,-41,1012,
20/10/2020 17:49:55.350,25494,TAI_400 @B73477,124850,1C00E5FFF803,28,-27,1016,
20/10/2020 17:49:55.401,25544,TAI_400 @B73477,124856,2600E6FFF203,38,-26,1010,
20/10/2020 17:49:55.449,25593,TAI_400 @B73477,124863,1900E0FF0004,25,-32,1024,
20/10/2020 17:49:55.497,25641,TAI_400 @B73477,124869,1900E1FFF703,25,-31,1015,
20/10/2020 17:49:55.545,25689,TAI_400 @B73477,124875,2400D3FFFF03,36,-45,1023,
20/10/2020 17:49:55.594,25738,TAI_400 @B73477,124881,1100EEFFED03,17,-18,1005,
20/10/2020 17:49:55.692,25836,TAI_400 @B73477,124888,2500DFFFEE03,37,-33,1006,
20/10/2020 17:49:55.740,25884,TAI_400 @B73477,124894,1800DEFFF703,24,-34,1015,
20/10/2020 17:49:55.789,25933,TAI_400 @B73477,124900,1000E6FFF203,16,-26,1010,
20/10/2020 17:49:55.837,25981,TAI_400 @B73477,124906,1F00D4FFF903,31,-44,1017,
20/10/2020 17:49:55.886,26030,TAI_400 @B73477,124913,1800D5FFFD03,24,-43,1021,
20/10/2020 17:49:55.935,26079,TAI_400 @B73477,124919,1500E1FFF603,21,-31,1014,
20/10/2020 17:49:55.984,26128,TAI_400 @B73477,124925,2100D3FFFB03,33,-45,1019,
20/10/2020 17:49:56.033,26177,TAI_400 @B73477,124931,1600DAFFF903,22,-38,1017,
20/10/2020 17:49:56.082,26226,TAI_400 @B73477,124938,2000E1FFF103,32,-31,1009,
20/10/2020 17:49:56.130,26274,TAI_400 @B73477,124944,1C00D3FFF503,28,-45,1013,
20/10/2020 17:49:56.179,26323,TAI_400 @B73477,124950,1700DCFFFD03,23,-36,1021,
20/10/2020 17:49:56.227,26371,TAI_400 @B73477,124956,1E00DAFFF603,30,-38,1014,
20/10/2020 17:49:56.276,26420,TAI_400 @B73477,124963,1B00DAFFF303,27,-38,1011,
20/10/2020 17:49:56.325,26469,TAI_400 @B73477,124969,1F00E4FFF603,31,-28,1014,
20/10/2020 17:49:56.374,26518,TAI_400 @B73477,124975,1E00E1FFF503,30,-31,1013,
20/10/2020 17:49:56.422,26566,TAI_400 @B73477,124981,1D00DDFFF903,29,-35,1017,
20/10/2020 17:49:56.471,26615,TAI_400 @B73477,124988,1B00ECFFFB03,27,-20,1019,
20/10/2020 17:49:56.520,26664,TAI_400 @B73477,124994,2100DDFFED03,33,-35,1005,
20/10/2020 17:49:56.569,26713,TAI_400 @B73477,125000,2200CFFFF003,34,-49,1008,
20/10/2020 17:49:56.618,26762,TAI_400 @B73477,125006,1A00DFFFF403,26,-33,1012,
20/10/2020 17:49:56.667,26811,TAI_400 @B73477,125013,1700D9FFFD03,23,-39,1021,
20/10/2020 17:49:56.715,26859,TAI_400 @B73477,125019,1000E4FFF803,16,-28,1016,
20/10/2020 17:49:56.767,26910,TAI_400 @B73477,125025,1D00E0FFF203,29,-32,1010,
20/10/2020 17:49:56.861,27005,TAI_400 @B73477,125031,1700D5FFF903,23,-43,1017,
20/10/2020 17:49:56.910,27054,TAI_400 @B73477,125038,1400E6FFFB03,20,-26,1019,
20/10/2020 17:49:56.959,27103,TAI_400 @B73477,125044,2500E0FFF903,37,-32,1017,
20/10/2020 17:49:57.008,27152,TAI_400 @B73477,125050,1A00D1FFFA03,26,-47,1018,
20/10/2020 17:49:57.057,27201,TAI_400 @B73477,125056,1A00E6FFE503,26,-26,997,
20/10/2020 17:49:57.105,27249,TAI_400 @B73477,125063,2300D9FFF303,35,-39,1011,
20/10/2020 17:49:57.154,27298,TAI_400 @B73477,125069,0F00D0FF0404,15,-48,1028,
20/10/2020 17:49:57.203,27347,TAI_400 @B73477,125075,1A00E8FFFE03,26,-24,1022,
20/10/2020 17:49:57.252,27396,TAI_400 @B73477,125081,1100DDFFEA03,17,-35,1002,
20/10/2020 17:49:57.300,27444,TAI_400 @B73477,125088,1D00E6FFF803,29,-26,1016,
20/10/2020 17:49:57.349,27493,TAI_400 @B73477,125094,1F00E6FFED03,31,-26,1005,
20/10/2020 17:49:57.397,27541,TAI_400 @B73477,125100,1C00DDFFF703,28,-35,1015,
20/10/2020 17:49:57.446,27590,TAI_400 @B73477,125106,1000E3FF0504,16,-29,1029,
20/10/2020 17:49:57.495,27639,TAI_400 @B73477,125113,2300DAFFF003,35,-38,1008,
20/10/2020 17:49:57.544,27688,TAI_400 @B73477,125119,1500C7FFF603,21,-57,1014,
20/10/2020 17:49:57.592,27736,TAI_400 @B73477,125125,1400E6FFF703,20,-26,1015,
20/10/2020 17:49:57.642,27786,TAI_400 @B73477,125131,1E00E1FFFB03,30,-31,1019,
20/10/2020 17:49:57.691,27834,TAI_400 @B73477,125138,1B00D8FFF803,27,-40,1016,
20/10/2020 17:49:57.739,27883,TAI_400 @B73477,125144,1600DAFFF403,22,-38,1012,
20/10/2020 17:49:57.788,27932,TAI_400 @B73477,125150,2500DFFFEF03,37,-33,1007,
20/10/2020 17:49:57.837,27980,TAI_400 @B73477,125156,1100D6FFFB03,17,-42,1019,
20/10/2020 17:49:57.885,28029,TAI_400 @B73477,125163,0E00E1FFF103,14,-31,1009,
20/10/2020 17:49:57.982,28126,TAI_400 @B73477,125169,2400D4FFFE03,36,-44,1022,
20/10/2020 17:49:58.031,28175,TAI_400 @B73477,125175,1B00DFFFF603,27,-33,1014,
20/10/2020 17:49:58.080,28224,TAI_400 @B73477,125181,2000DFFFF503,32,-33,1013,
20/10/2020 17:49:58.129,28273,TAI_400 @B73477,125188,1C00D0FFF903,28,-48,1017,
20/10/2020 17:49:58.177,28321,TAI_400 @B73477,125194,1200E2FFF103,18,-30,1009,
20/10/2020 17:49:58.226,28370,TAI_400 @B73477,125200,2100E0FFEC03,33,-32,1004,
20/10/2020 17:49:58.275,28419,TAI_400 @B73477,125206,1600DEFFFF03,22,-34,1023,
20/10/2020 17:49:58.324,28468,TAI_400 @B73477,125213,1600E1FFF103,22,-31,1009,
20/10/2020 17:49:58.373,28516,TAI_400 @B73477,125219,2800DBFFF003,40,-37,1008,
20/10/2020 17:49:58.421,28565,TAI_400 @B73477,125225,1100DBFFEE03,17,-37,1006,
20/10/2020 17:49:58.470,28614,TAI_400 @B73477,125231,1F00E8FFFD03,31,-24,1021,
20/10/2020 17:49:58.518,28662,TAI_400 @B73477,125238,2900D1FFE703,41,-47,999,
20/10/2020 17:49:58.567,28711,TAI_400 @B73477,125244,1600DEFFFD03,22,-34,1021,
20/10/2020 17:49:58.616,28760,TAI_400 @B73477,125250,2400E1FFF003,36,-31,1008,
20/10/2020 17:49:58.666,28810,TAI_400 @B73477,125256,2100DBFFF803,33,-37,1016,
20/10/2020 17:49:58.715,28859,TAI_400 @B73477,125263,1800DFFFF803,24,-33,1016,
20/10/2020 17:49:58.765,28909,TAI_400 @B73477,125269,2200E3FFF503,34,-29,1013,
20/10/2020 17:49:58.811,28955,TAI_400 @B73477,125275,1900CDFFF903,25,-51,1017,
20/10/2020 17:49:58.860,29004,TAI_400 @B73477,125281,0F00E7FFEF03,15,-25,1007,
20/10/2020 17:49:58.909,29053,TAI_400 @B73477,125288,3200E0FFF303,50,-32,1011,
20/10/2020 17:49:58.957,29101,TAI_400 @B73477,125294,1700D4FFFC03,23,-44,1020,
20/10/2020 17:49:59.006,29150,TAI_400 @B73477,125300,1900E7FFF103,25,-25,1009,
20/10/2020 17:49:59.055,29199,TAI_400 @B73477,125306,2300DFFFFA03,35,-33,1018,
20/10/2020 17:49:59.152,29296,TAI_400 @B73477,125313,1300D6FFF903,19,-42,1017,
20/10/2020 17:49:59.202,29345,TAI_400 @B73477,125319,2A00E3FFF803,42,-29,1016,
20/10/2020 17:49:59.250,29394,TAI_400 @B73477,125325,2900E2FFF303,41,-30,1011,
20/10/2020 17:49:59.300,29444,TAI_400 @B73477,125331,1700E2FFFB03,23,-30,1019,
20/10/2020 17:49:59.350,29494,TAI_400 @B73477,125338,2600E7FFF303,38,-25,1011,
20/10/2020 17:49:59.398,29542,TAI_400 @B73477,125344,1A00D4FFFD03,26,-44,1021,
20/10/2020 17:49:59.445,29589,TAI_400 @B73477,125350,1300DAFFE703,19,-38,999,
20/10/2020 17:49:59.494,29638,TAI_400 @B73477,125356,1400DFFFED03,20,-33,1005,
20/10/2020 17:49:59.542,29686,TAI_400 @B73477,125363,1100D3FFFD03,17,-45,1021,
20/10/2020 17:49:59.591,29735,TAI_400 @B73477,125369,1500E7FFFD03,21,-25,1021,
20/10/2020 17:49:59.640,29784,TAI_400 @B73477,125375,2400DFFFEF03,36,-33,1007,
20/10/2020 17:49:59.689,29833,TAI_400 @B73477,125381,1500DAFFE603,21,-38,998,
20/10/2020 17:49:59.737,29881,TAI_400 @B73477,125388,2200E9FFF003,34,-23,1008,
20/10/2020 17:49:59.786,29930,TAI_400 @B73477,125394,2200D8FFFA03,34,-40,1018,
20/10/2020 17:49:59.835,29979,TAI_400 @B73477,125400,1500DBFFF303,21,-37,1011,
20/10/2020 17:49:59.884,30028,TAI_400 @B73477,125406,2800ECFFF403,40,-20,1012,
20/10/2020 17:49:59.932,30076,TAI_400 @B73477,125413,1E00D5FFFC03,30,-43,1020,
20/10/2020 17:49:59.982,30125,TAI_400 @B73477,125419,1600DBFFF603,22,-37,1014,
20/10/2020 17:50:00.029,30173,TAI_400 @B73477,125425,1F00E4FFF103,31,-28,1009,
20/10/2020 17:50:00.079,30223,TAI_400 @B73477,125431,1800D1FFF903,24,-47,1017,
20/10/2020 17:50:00.127,30271,TAI_400 @B73477,125438,2700E4FFE703,39,-28,999,
20/10/2020 17:50:00.176,30320,TAI_400 @B73477,125444,2300E8FFF103,35,-24,1009,
20/10/2020 17:50:00.274,30418,TAI_400 @B73477,125450,1700DEFFF903,23,-34,1017,
20/10/2020 17:50:00.323,30467,TAI_400 @B73477,125456,1800E3FFF803,24,-29,1016,
20/10/2020 17:50:00.372,30516,TAI_400 @B73477,125463,2000D5FFF903,32,-43,1017,
20/10/2020 17:50:00.420,30564,TAI_400 @B73477,125469,1400E3FFFD03,20,-29,1021,
20/10/2020 17:50:00.469,30613,TAI_400 @B73477,125475,1E00E6FFF103,30,-26,1009,
20/10/2020 17:50:00.518,30662,TAI_400 @B73477,125481,2300DAFFF903,35,-38,1017,
20/10/2020 17:50:00.567,30711,TAI_400 @B73477,125488,1600E8FFFB03,22,-24,1019,
20/10/2020 17:50:00.617,30761,TAI_400 @B73477,125494,1F00DFFFF003,31,-33,1008,
20/10/2020 17:50:00.665,30808,TAI_400 @B73477,125500,1B00D7FFF903,27,-41,1017,
20/10/2020 17:50:00.712,30856,TAI_400 @B73477,125506,1800E5FFEE03,24,-27,1006,
20/10/2020 17:50:00.761,30905,TAI_400 @B73477,125513,2100E4FFF403,33,-28,1012,
20/10/2020 17:50:00.810,30954,TAI_400 @B73477,125519,1600DCFFF903,22,-36,1017,
20/10/2020 17:50:00.859,31002,TAI_400 @B73477,125525,1E00E9FFF003,30,-23,1008,
20/10/2020 17:50:00.907,31051,TAI_400 @B73477,125531,2300E2FFF503,35,-30,1013,
20/10/2020 17:50:00.956,31100,TAI_400 @B73477,125538,1100DFFFF203,17,-33,1010,
20/10/2020 17:50:01.005,31149,TAI_400 @B73477,125544,1400E5FFF803,20,-27,1016,
20/10/2020 17:50:01.054,31198,TAI_400 @B73477,125550,1D00D3FFFB03,29,-45,1019,
20/10/2020 17:50:01.103,31247,TAI_400 @B73477,125556,1600DFFFF503,22,-33,1013,
20/10/2020 17:50:01.151,31295,TAI_400 @B73477,125563,2200DEFFF703,34,-34,1015,
20/10/2020 17:50:01.200,31344,TAI_400 @B73477,125569,1D00D7FFFF03,29,-41,1023,
20/10/2020 17:50:01.251,31394,TAI_400 @B73477,125575,1400E7FFF103,20,-25,1009,
20/10/2020 17:50:01.298,31442,TAI_400 @B73477,125581,1A00DEFFF303,26,-34,1011,
20/10/2020 17:50:01.347,31491,TAI_400 @B73477,125588,1900D6FFF903,25,-42,1017,
20/10/2020 17:50:01.444,31588,TAI_400 @B73477,125594,1A00EEFFF403,26,-18,1012,
20/10/2020 17:50:01.493,31637,TAI_400 @B73477,125600,1F00DDFFFD03,31,-35,1021,
20/10/2020 17:50:01.542,31686,TAI_400 @B73477,125606,1500DCFFFF03,21,-36,1023,
20/10/2020 17:50:01.590,31734,TAI_400 @B73477,125613,1E00E7FFF003,30,-25,1008,
20/10/2020 17:50:01.639,31783,TAI_400 @B73477,125619,1E00DBFF0304,30,-37,1027,
20/10/2020 17:50:01.687,31831,TAI_400 @B73477,125625,1200E1FFFE03,18,-31,1022,
20/10/2020 17:50:01.736,31880,TAI_400 @B73477,125631,2500E9FFF303,37,-23,1011,
20/10/2020 17:50:01.785,31929,TAI_400 @B73477,125638,1F00D4FFF303,31,-44,1011,
20/10/2020 17:50:01.836,31980,TAI_400 @B73477,125644,1A00E5FFF003,26,-27,1008,
20/10/2020 17:50:01.884,32028,TAI_400 @B73477,125650,1F00E0FFF703,31,-32,1015,
20/10/2020 17:50:01.933,32077,TAI_400 @B73477,125656,1800D5FFF903,24,-43,1017,
20/10/2020 17:50:01.981,32124,TAI_400 @B73477,125663,1A00EDFFF203,26,-19,1010,
20/10/2020 17:50:02.029,32173,TAI_400 @B73477,125669,2100DBFFF803,33,-37,1016,
20/10/2020 17:50:02.078,32222,TAI_400 @B73477,125675,1900DAFFF303,25,-38,1011,
20/10/2020 17:50:02.128,32272,TAI_400 @B73477,125681,2000ECFFFB03,32,-20,1019,
20/10/2020 17:50:02.175,32319,TAI_400 @B73477,125688,1700D4FFFD03,23,-44,1021,
20/10/2020 17:50:02.224,32368,TAI_400 @B73477,125694,1200E1FFF803,18,-31,1016,
20/10/2020 17:50:02.273,32417,TAI_400 @B73477,125700,1600E7FFFE03,22,-25,1022,
20/10/2020 17:50:02.321,32465,TAI_400 @B73477,125706,2400D8FFF503,36,-40,1013,
20/10/2020 17:50:02.370,32514,TAI_400 @B73477,125713,1400E9FFF403,20,-23,1012,
20/10/2020 17:50:02.419,32563,TAI_400 @B73477,125719,2400DBFFF403,36,-37,1012,
20/10/2020 17:50:02.467,32611,TAI_400 @B73477,125725,1A00D8FFFC03,26,-40,1020,
20/10/2020 17:50:02.567,32711,TAI_400 @B73477,125731,1D00E2FFEC03,29,-30,1004,
20/10/2020 17:50:02.615,32759,TAI_400 @B73477,125738,2700E4FFF703,39,-28,1015,
20/10/2020 17:50:02.662,32806,TAI_400 @B73477,125744,1500D6FFF803,21,-42,1016,
20/10/2020 17:50:02.711,32855,TAI_400 @B73477,125750,1C00EAFFF103,28,-22,1009,
20/10/2020 17:50:02.760,32904,TAI_400 @B73477,125756,2000D5FF0004,32,-43,1024,
20/10/2020 17:50:02.809,32953,TAI_400 @B73477,125763,1A00D2FFF003,26,-46,1008,
20/10/2020 17:50:02.857,33001,TAI_400 @B73477,125769,1E00DCFFF603,30,-36,1014,
20/10/2020 17:50:02.906,33050,TAI_400 @B73477,125775,1200D8FFF903,18,-40,1017,
20/10/2020 17:50:02.955,33099,TAI_400 @B73477,125781,1200E1FFF503,18,-31,1013,
20/10/2020 17:50:03.004,33148,TAI_400 @B73477,125788,2600DFFFF403,38,-33,1012,
20/10/2020 17:50:03.052,33196,TAI_400 @B73477,125794,1D00D9FFF503,29,-39,1013,
20/10/2020 17:50:03.101,33245,TAI_400 @B73477,125800,0C00EAFFFB03,12,-22,1019,
20/10/2020 17:50:03.150,33294,TAI_400 @B73477,125806,2700E8FFF303,39,-24,1011,
20/10/2020 17:50:03.199,33343,TAI_400 @B73477,125813,1800D3FFF803,24,-45,1016,
20/10/2020 17:50:03.248,33392,TAI_400 @B73477,125819,1800E6FFF503,24,-26,1013,
20/10/2020 17:50:03.296,33440,TAI_400 @B73477,125825,2200DAFFFC03,34,-38,1020,
20/10/2020 17:50:03.345,33489,TAI_400 @B73477,125831,1800CDFFFB03,24,-51,1019,
20/10/2020 17:50:03.394,33538,TAI_400 @B73477,125838,1A00E7FFF103,26,-25,1009,
20/10/2020 17:50:03.443,33587,TAI_400 @B73477,125844,2A00D6FFEE03,42,-42,1006,
20/10/2020 17:50:03.492,33635,TAI_400 @B73477,125850,1900DDFFFE03,25,-35,1022,
20/10/2020 17:50:03.540,33684,TAI_400 @B73477,125856,2400E1FFF603,36,-31,1014,
20/10/2020 17:50:03.589,33733,TAI_400 @B73477,125863,1500D3FFFC03,21,-45,1020,
20/10/2020 17:50:03.638,33782,TAI_400 @B73477,125869,2000E7FFEF03,32,-25,1007,
20/10/2020 17:50:03.736,33880,TAI_400 @B73477,125875,2300DDFFF503,35,-35,1013,
20/10/2020 17:50:03.786,33930,TAI_400 @B73477,125881,1A00CAFFEB03,26,-54,1003,
20/10/2020 17:50:03.834,33978,TAI_400 @B73477,125888,0E00E8FF0004,14,-24,1024,
20/10/2020 17:50:03.881,34025,TAI_400 @B73477,125894,2100E5FFF103,33,-27,1009,
20/10/2020 17:50:03.930,34074,TAI_400 @B73477,125900,1900E0FFFA03,25,-32,1018,
20/10/2020 17:50:03.979,34123,TAI_400 @B73477,125906,1F00DEFFF103,31,-34,1009,
20/10/2020 17:50:04.027,34171,TAI_400 @B73477,125913,2D00D8FFEB03,45,-40,1003,
20/10/2020 17:50:04.076,34220,TAI_400 @B73477,125919,1200E7FFFC03,18,-25,1020,
20/10/2020 17:50:04.125,34269,TAI_400 @B73477,125925,2500E2FFE803,37,-30,1000,
20/10/2020 17:50:04.174,34318,TAI_400 @B73477,125931,1F00DAFFF703,31,-38,1015,
20/10/2020 17:50:04.223,34367,TAI_400 @B73477,125938,2200E6FFF203,34,-26,1010,
20/10/2020 17:50:04.271,34415,TAI_400 @B73477,125944,2300E4FFF603,35,-28,1014,
20/10/2020 17:50:04.320,34464,TAI_400 @B73477,125950,1D00CFFFEC03,29,-49,1004,
20/10/2020 17:50:04.369,34513,TAI_400 @B73477,125956,1600E9FFF803,22,-23,1016,
20/10/2020 17:50:04.421,34565,TAI_400 @B73477,125963,2000DCFFF403,32,-36,1012,
20/10/2020 17:50:04.466,34610,TAI_400 @B73477,125969,1900DDFFF103,25,-35,1009,
20/10/2020 17:50:04.515,34659,TAI_400 @B73477,125975,1B00ECFFF703,27,-20,1015,
20/10/2020 17:50:04.564,34708,TAI_400 @B73477,125981,1300D4FFF803,19,-44,1016,
20/10/2020 17:50:04.613,34756,TAI_400 @B73477,125988,0F00D9FFE603,15,-39,998,
20/10/2020 17:50:04.662,34806,TAI_400 @B73477,125994,1C00E5FFF803,28,-27,1016,
20/10/2020 17:50:04.710,34854,TAI_400 @B73477,126000,2100D5FFFB03,33,-43,1019,
20/10/2020 17:50:04.759,34903,TAI_400 @B73477,126006,0F00E4FF0004,15,-28,1024,
20/10/2020 17:50:04.857,35001,TAI_400 @B73477,126013,2300DFFFF503,35,-33,1013,
20/10/2020 17:50:04.906,35050,TAI_400 @B73477,126019,1900D5FFFA03,25,-43,1018,
20/10/2020 17:50:04.954,35098,TAI_400 @B73477,126025,1D00E2FFF203,29,-30,1010,
20/10/2020 17:50:05.002,35146,TAI_400 @B73477,126031,2400D7FFFB03,36,-41,1019,
20/10/2020 17:50:05.051,35195,TAI_400 @B73477,126038,1A00D7FFFF03,26,-41,1023,
20/10/2020 17:50:05.100,35244,TAI_400 @B73477,126044,1A00E5FFF203,26,-27,1010,
20/10/2020 17:50:05.151,35294,TAI_400 @B73477,126050,1900E6FFFB03,25,-26,1019,
20/10/2020 17:50:05.198,35342,TAI_400 @B73477,126056,1A00DBFFF403,26,-37,1012,
20/10/2020 17:50:05.247,35390,TAI_400 @B73477,126063,1C00E8FFF703,28,-24,1015,
20/10/2020 17:50:05.295,35439,TAI_400 @B73477,126069,1F00DDFFF403,31,-35,1012,
20/10/2020 17:50:05.344,35488,TAI_400 @B73477,126075,1700ECFFF503,23,-20,1013,
20/10/2020 17:50:05.393,35537,TAI_400 @B73477,126081,2000EAFFF803,32,-22,1016,
20/10/2020 17:50:05.441,35585,TAI_400 @B73477,126088,1D00D9FFFE03,29,-39,1022,
20/10/2020 17:50:05.490,35634,TAI_400 @B73477,126094,1800DAFFF303,24,-38,1011,
20/10/2020 17:50:05.539,35683,TAI_400 @B73477,126100,2200E4FFFB03,34,-28,1019,
20/10/2020 17:50:05.587,35731,TAI_400 @B73477,126106,2200E0FFE303,34,-32,995,
20/10/2020 17:50:05.636,35780,TAI_400 @B73477,126113,1C00E2FFEF03,28,-30,1007,
20/10/2020 17:50:05.685,35829,TAI_400 @B73477,126119,2800DDFFFC03,40,-35,1020,
20/10/2020 17:50:05.736,35880,TAI_400 @B73477,126125,1C00D6FFF803,28,-42,1016,
20/10/2020 17:50:05.783,35927,TAI_400 @B73477,126131,2700E5FFF703,39,-27,1015,
20/10/2020 17:50:05.832,35976,TAI_400 @B73477,126138,1E00D9FFFC03,30,-39,1020,
20/10/2020 17:50:05.880,36024,TAI_400 @B73477,126144,1200D5FFF803,18,-43,1016,
20/10/2020 17:50:05.928,36072,TAI_400 @B73477,126150,1C00DBFFF203,28,-37,1010,
20/10/2020 17:50:06.027,36171,TAI_400 @B73477,126156,1300D9FFF403,19,-39,1012,
20/10/2020 17:50:06.075,36219,TAI_400 @B73477,126163,1500E4FFF803,21,-28,1016,
20/10/2020 17:50:06.124,36268,TAI_400 @B73477,126169,1E00E2FFF403,30,-30,1012,
20/10/2020 17:50:06.173,36317,TAI_400 @B73477,126175,1800D4FFFB03,24,-44,1019,
20/10/2020 17:50:06.221,36365,TAI_400 @B73477,126181,1700DFFFF403,23,-33,1012,
20/10/2020 17:50:06.270,36414,TAI_400 @B73477,126188,2700E6FFFE03,39,-26,1022,
20/10/2020 17:50:06.319,36463,TAI_400 @B73477,126194,1400D9FFF603,20,-39,1014,
20/10/2020 17:50:06.368,36512,TAI_400 @B73477,126200,2200E8FFF103,34,-24,1009,
20/10/2020 17:50:06.417,36561,TAI_400 @B73477,126206,2700DEFFFA03,39,-34,1018,
20/10/2020 17:50:06.466,36610,TAI_400 @B73477,126213,0F00DBFFFB03,15,-37,1019,
20/10/2020 17:50:06.515,36658,TAI_400 @B73477,126219,2100E9FFF203,33,-23,1010,
20/10/2020 17:50:06.563,36707,TAI_400 @B73477,126225,1D00D4FFFB03,29,-44,1019,
20/10/2020 17:50:06.611,36755,TAI_400 @B73477,126231,1900DFFFF603,25,-33,1014,
20/10/2020 17:50:06.661,36805,TAI_400 @B73477,126238,1C00E8FFFC03,28,-24,1020,
20/10/2020 17:50:06.709,36853,TAI_400 @B73477,126244,1900D5FFFC03,25,-43,1020,
20/10/2020 17:50:06.757,36901,TAI_400 @B73477,126250,1600E3FFF003,22,-29,1008,
20/10/2020 17:50:06.807,36951,TAI_400 @B73477,126256,2400E2FFF203,36,-30,1010,
20/10/2020 17:50:06.855,36999,TAI_400 @B73477,126263,1600D8FFFD03,22,-40,1021,
20/10/2020 17:50:06.904,37048,TAI_400 @B73477,126269,1D00E4FFF103,29,-28,1009,
20/10/2020 17:50:06.952,37096,TAI_400 @B73477,126275,2800E7FFF703,40,-25,1015,
20/10/2020 17:50:07.001,37145,TAI_400 @B73477,126281,1500D9FFFA03,21,-39,1018,
20/10/2020 17:50:07.050,37194,TAI_400 @B73477,126288,2000E6FFF303,32,-26,1011,
20/10/2020 17:50:07.148,37292,TAI_400 @B73477,126294,1500DBFFFC03,21,-37,1020,
20/10/2020 17:50:07.197,37341,TAI_400 @B73477,126300,0E00E6FFFF03,14,-26,1023,
20/10/2020 17:50:07.246,37390,TAI_400 @B73477,126306,2700EBFF0104,39,-21,1025,
20/10/2020 17:50:07.294,37438,TAI_400 @B73477,126313,1D00D6FFF403,29,-42,1012,
20/10/2020 17:50:07.343,37486,TAI_400 @B73477,126319,1900E5FFEC03,25,-27,1004,
20/10/2020 17:50:07.391,37535,TAI_400 @B73477,126325,2600E4FFFD03,38,-28,1021,
20/10/2020 17:50:07.441,37585,TAI_400 @B73477,126331,1A00D6FFFC03,26,-42,1020,
20/10/2020 17:50:07.489,37633,TAI_400 @B73477,126338,1900ECFFF603,25,-20,1014,
20/10/2020 17:50:07.538,37682,TAI_400 @B73477,126344,2800DDFFFD03,40,-35,1021,
20/10/2020 17:50:07.586,37730,TAI_400 @B73477,126350,1500D9FFF803,21,-39,1016,
20/10/2020 17:50:07.635,37779,TAI_400 @B73477,126356,1D00DEFFF803,29,-34,1016,
20/10/2020 17:50:07.683,37827,TAI_400 @B73477,126363,1E00D6FFF503,30,-42,1013,
20/10/2020 17:50:07.734,37878,TAI_400 @B73477,126369,1900DAFFEB03,25,-38,1003,
20/10/2020 17:50:07.783,37927,TAI_400 @B73477,126375,2200F0FFF603,34,-16,1014,
20/10/2020 17:50:07.830,37974,TAI_400 @B73477,126381,1D00D0FFF703,29,-48,1015,
20/10/2020 17:50:07.878,38022,TAI_400 @B73477,126388,1700DEFFF303,23,-34,1011,
20/10/2020 17:50:07.928,38072,TAI_400 @B73477,126394,1D00D9FFF003,29,-39,1008,
20/10/2020 17:50:07.976,38120,TAI_400 @B73477,126400,1500D8FFF703,21,-40,1015,
20/10/2020 17:50:08.025,38169,TAI_400 @B73477,126406,1300E5FFF603,19,-27,1014,
20/10/2020 17:50:08.074,38218,TAI_400 @B73477,126413,2100DFFFF803,33,-33,1016,
20/10/2020 17:50:08.123,38267,TAI_400 @B73477,126419,1200DCFFF803,18,-36,1016,
20/10/2020 17:50:08.171,38315,TAI_400 @B73477,126425,1900EAFFF503,25,-22,1013,
20/10/2020 17:50:08.220,38364,TAI_400 @B73477,126431,2100DAFFF203,33,-38,1010,
20/10/2020 17:50:08.320,38464,TAI_400 @B73477,126438,1800E2FFF903,24,-30,1017,
20/10/2020 17:50:08.366,38510,TAI_400 @B73477,126444,1700E3FFFD03,23,-29,1021,
20/10/2020 17:50:08.416,38560,TAI_400 @B73477,126450,1800D5FFF803,24,-43,1016,
20/10/2020 17:50:08.464,38608,TAI_400 @B73477,126456,2100E4FFE903,33,-28,1001,
20/10/2020 17:50:08.513,38656,TAI_400 @B73477,126463,1F00E0FFFB03,31,-32,1019,
20/10/2020 17:50:08.561,38705,TAI_400 @B73477,126469,1400D8FFF403,20,-40,1012,
20/10/2020 17:50:08.610,38754,TAI_400 @B73477,126475,1700E0FFF203,23,-32,1010,
20/10/2020 17:50:08.659,38803,TAI_400 @B73477,126481,2C00E4FFF603,44,-28,1014,
20/10/2020 17:50:08.707,38851,TAI_400 @B73477,126488,1700D8FFFC03,23,-40,1020,
20/10/2020 17:50:08.756,38900,TAI_400 @B73477,126494,1800EBFFFA03,24,-21,1018,
20/10/2020 17:50:08.805,38949,TAI_400 @B73477,126500,2300DDFFFA03,35,-35,1018,
20/10/2020 17:50:08.854,38998,TAI_400 @B73477,126506,1A00D6FFFA03,26,-42,1018,
20/10/2020 17:50:08.902,39046,TAI_400 @B73477,126513,1D00F4FFFD03,29,-12,1021,
20/10/2020 17:50:08.952,39096,TAI_400 @B73477,126519,2800DDFFE903,40,-35,1001,
20/10/2020 17:50:09.001,39145,TAI_400 @B73477,126525,1900E8FFFD03,25,-24,1021,
20/10/2020 17:50:09.050,39194,TAI_400 @B73477,126531,2300E7FFF403,35,-25,1012,
20/10/2020 17:50:09.098,39242,TAI_400 @B73477,126538,1B00D7FFFE03,27,-41,1022,
20/10/2020 17:50:09.146,39290,TAI_400 @B73477,126544,1700EAFFFB03,23,-22,1019,
20/10/2020 17:50:09.195,39339,TAI_400 @B73477,126550,1C00DCFFF603,28,-36,1014,
20/10/2020 17:50:09.244,39387,TAI_400 @B73477,126556,1A00DEFFF003,26,-34,1008,
20/10/2020 17:50:09.293,39437,TAI_400 @B73477,126563,2500EAFFE603,37,-22,998,
20/10/2020 17:50:09.341,39485,TAI_400 @B73477,126569,1C00D8FFF703,28,-40,1015,
20/10/2020 17:50:09.439,39583,TAI_400 @B73477,126575,1C00DBFFF103,28,-37,1009,
20/10/2020 17:50:09.488,39632,TAI_400 @B73477,126581,1E00E8FFED03,30,-24,1005,
20/10/2020 17:50:09.537,39680,TAI_400 @B73477,126588,2200DFFFEF03,34,-33,1007,
20/10/2020 17:50:09.585,39729,TAI_400 @B73477,126594,1300DAFF0404,19,-38,1028,
20/10/2020 17:50:09.634,39778,TAI_400 @B73477,126600,2400DDFFEA03,36,-35,1002,
20/10/2020 17:50:09.685,39829,TAI_400 @B73477,126606,1500DBFFF503,21,-37,1013,
20/10/2020 17:50:09.733,39876,TAI_400 @B73477,126613,1100E4FFF303,17,-28,1011,
20/10/2020 17:50:09.780,39924,TAI_400 @B73477,126619,1D00E4FFFA03,29,-28,1018,
20/10/2020 17:50:09.829,39973,TAI_400 @B73477,126625,1800D2FFFC03,24,-46,1020,
20/10/2020 17:50:09.878,40022,TAI_400 @B73477,126631,1200E4FFF703,18,-28,1015,
20/10/2020 17:50:09.927,40070,TAI_400 @B73477,126638,2200E2FFF803,34,-30,1016,
20/10/2020 17:50:09.975,40119,TAI_400 @B73477,126644,1F00DFFFF703,31,-33,1015,
20/10/2020 17:50:10.023,40167,TAI_400 @B73477,126650,1D00E9FFF103,29,-23,1009,
20/10/2020 17:50:10.073,40217,TAI_400 @B73477,126656,1D00D4FFFB03,29,-44,1019,
20/10/2020 17:50:10.122,40266,TAI_400 @B73477,126663,0E00DFFFF803,14,-33,1016,
20/10/2020 17:50:10.170,40314,TAI_400 @B73477,126669,1B00EDFFEF03,27,-19,1007,
20/10/2020 17:50:10.219,40363,TAI_400 @B73477,126675,2400D4FFEA03,36,-44,1002,
20/10/2020 17:50:10.268,40412,TAI_400 @B73477,126681,2300E0FFEE03,35,-32,1006,
20/10/2020 17:50:10.319,40463,TAI_400 @B73477,126688,2000E9FFF203,32,-23,1010,
20/10/2020 17:50:10.367,40511,TAI_400 @B73477,126694,1A00D5FFFE03,26,-43,1022,
20/10/2020 17:50:10.414,40558,TAI_400 @B73477,126700,1800E3FFEE03,24,-29,1006,
20/10/2020 17:50:10.463,40607,TAI_400 @B73477,126706,2600E3FFFA03,38,-29,1018,
20/10/2020 17:50:10.511,40655,TAI_400 @B73477,126713,1500DFFFF403,21,-33,1012,
20/10/2020 17:50:10.609,40753,TAI_400 @B73477,126719,1600E8FFFB03,22,-24,1019,
20/10/2020 17:50:10.658,40802,TAI_400 @B73477,126725,1900DBFFF303,25,-37,1011,
20/10/2020 17:50:10.706,40850,TAI_400 @B73477,126731,1C00E0FFF103,28,-32,1009,
20/10/2020 17:50:10.755,40899,TAI_400 @B73477,126738,1C00E1FFF203,28,-31,1010,
20/10/2020 17:50:10.804,40948,TAI_400 @B73477,126744,1600DDFFFD03,22,-35,1021,
20/10/2020 17:50:10.853,40996,TAI_400 @B73477,126750,1100E1FF0604,17,-31,1030,
20/10/2020 17:50:10.902,41046,TAI_400 @B73477,126756,1E00E7FFF903,30,-25,1017,
20/10/2020 17:50:10.952,41096,TAI_400 @B73477,126763,1F00D5FF0504,31,-43,1029,
20/10/2020 17:50:11.000,41144,TAI_400 @B73477,126769,0C00E8FF0204,12,-24,1026,
20/10/2020 17:50:11.048,41192,TAI_400 @B73477,126775,1F00E3FFF303,31,-29,1011,
20/10/2020 17:50:11.096,41240,TAI_400 @B73477,126781,1400DCFFFC03,20,-36,1020,
20/10/2020 17:50:11.145,41289,TAI_400 @B73477,126788,1700E3FFF303,23,-29,1011,
20/10/2020 17:50:11.194,41338,TAI_400 @B73477,126794,2400DBFF0004,36,-37,1024,
20/10/2020 17:50:11.243,41386,TAI_400 @B73477,126800,1300D5FFEC03,19,-43,1004,
20/10/2020 17:50:11.292,41435,TAI_400 @B73477,126806,2300EAFFFA03,35,-22,1018,
20/10/2020 17:50:11.340,41484,TAI_400 @B73477,126813,1C00D9FFFB03,28,-39,1019,
20/10/2020 17:50:11.389,41533,TAI_400 @B73477,126819,1300DCFFFA03,19,-36,1018,
20/10/2020 17:50:11.438,41582,TAI_400 @B73477,126825,2200E2FFEC03,34,-30,1004,
20/10/2020 17:50:11.487,41631,TAI_400 @B73477,126831,1F00DDFFFF03,31,-35,1023,
20/10/2020 17:50:11.535,41679,TAI_400 @B73477,126838,1900DEFFF703,25,-34,1015,
20/10/2020 17:50:11.585,41729,TAI_400 @B73477,126844,1F00DEFFF303,31,-34,1011,
20/10/2020 17:50:11.633,41777,TAI_400 @B73477,126850,1700DBFFFE03,23,-37,1022,
20/10/2020 17:50:11.730,41874,TAI_400 @B73477,126856,1600E0FFFD03,22,-32,1021,
20/10/2020 17:50:11.779,41923,TAI_400 @B73477,126863,2000DBFFF403,32,-37,1012,
20/10/2020 17:50:11.828,41972,TAI_400 @B73477,126869,1400DDFFF503,20,-35,1013,
20/10/2020 17:50:11.876,42020,TAI_400 @B73477,126875,1700E7FFF503,23,-25,1013,
20/10/2020 17:50:11.926,42070,TAI_400 @B73477,126881,1F00DDFFFE03,31,-35,1022,
20/10/2020 17:50:11.974,42118,TAI_400 @B73477,126888,1400E1FFF503,20,-31,1013,
20/10/2020 17:50:12.023,42167,TAI_400 @B73477,126894,2300E7FFF703,35,-25,1015,
20/10/2020 17:50:12.071,42215,TAI_400 @B73477,126900,1200DAFFFD03,18,-38,1021,
20/10/2020 17:50:12.120,42264,TAI_400 @B73477,126906,1800E1FFF303,24,-31,1011,
20/10/2020 17:50:12.169,42313,TAI_400 @B73477,126913,2700E2FFEC03,39,-30,1004,
20/10/2020 17:50:12.217,42361,TAI_400 @B73477,126919,1700DDFF0504,23,-35,1029,
20/10/2020 17:50:12.267,42411,TAI_400 @B73477,126925,0500E9FF0204,5,-23,1026,
20/10/2020 17:50:12.315,42459,TAI_400 @B73477,126931,2800DEFFF903,40,-34,1017,
20/10/2020 17:50:12.367,42511,TAI_400 @B73477,126938,1900DCFFFA03,25,-36,1018,
20/10/2020 17:50:12.413,42557,TAI_400 @B73477,126944,2100E5FFF503,33,-27,1013,
20/10/2020 17:50:12.462,42606,TAI_400 @B73477,126950,1D00D9FFFD03,29,-39,1021,
20/10/2020 17:50:12.510,42654,TAI_400 @B73477,126956,0C00DEFFFE03,12,-34,1022,
20/10/2020 17:50:12.559,42703,TAI_400 @B73477,126963,2000DFFFF303,32,-33,1011,
20/10/2020 17:50:12.608,42752,TAI_400 @B73477,126969,1F00DDFFFE03,31,-35,1022,
20/10/2020 17:50:12.657,42801,TAI_400 @B73477,126975,1700E1FFF803,23,-31,1016,
20/10/2020 17:50:12.705,42849,TAI_400 @B73477,126981,2200E5FFFE03,34,-27,1022,
20/10/2020 17:50:12.754,42898,TAI_400 @B73477,126988,1800DDFF0104,24,-35,1025,
20/10/2020 17:50:12.803,42947,TAI_400 @B73477,126994,1800E1FFF403,24,-31,1012,
20/10/2020 17:50:12.901,43045,TAI_400 @B73477,127000,2200DDFF0A04,34,-35,1034,
20/10/2020 17:50:12.951,43095,TAI_400 @B73477,127006,1F00DCFFF903,31,-36,1017,
20/10/2020 17:50:12.998,43142,TAI_400 @B73477,127013,1900DDFFEF03,25,-35,1007,
20/10/2020 17:50:13.046,43190,TAI_400 @B73477,127019,2100DAFFFF03,33,-38,1023,
20/10/2020 17:50:13.095,43239,TAI_400 @B73477,127025,1B00E0FFF503,27,-32,1013,
20/10/2020 17:50:13.144,43288,TAI_400 @B73477,127031,1E00F1FFFB03,30,-15,1019,
20/10/2020 17:50:13.193,43337,TAI_400 @B73477,127038,2600DAFF0304,38,-38,1027,
20/10/2020 17:50:13.242,43386,TAI_400 @B73477,127044,1F00E7FFEB03,31,-25,1003,
20/10/2020 17:50:13.290,43434,TAI_400 @B73477,127050,1D00E5FFFC03,29,-27,1020,
20/10/2020 17:50:13.339,43483,TAI_400 @B73477,127056,2100DBFFF303,33,-37,1011,
20/10/2020 17:50:13.387,43531,TAI_400 @B73477,127063,1200E4FFFA03,18,-28,1018,
20/10/2020 17:50:13.437,43581,TAI_400 @B73477,127069,1F00DFFF0304,31,-33,1027,
20/10/2020 17:50:13.486,43630,TAI_400 @B73477,127075,2200DEFFFA03,34,-34,1018,
20/10/2020 17:50:13.537,43680,TAI_400 @B73477,127081,2100E6FF0304,33,-26,1027,
20/10/2020 17:50:13.583,43727,TAI_400 @B73477,127088,2B00DBFF0504,43,-37,1029,
20/10/2020 17:50:13.632,43776,TAI_400 @B73477,127094,1B00DEFFF703,27,-34,1015,
20/10/2020 17:50:13.681,43825,TAI_400 @B73477,127100,1A00E7FFF103,26,-25,1009,
20/10/2020 17:50:13.729,43873,TAI_400 @B73477,127106,1D00DFFFFF03,29,-33,1023,
20/10/2020 17:50:13.778,43922,TAI_400 @B73477,127113,1700DDFFF303,23,-35,1011,
20/10/2020 17:50:13.826,43970,TAI_400 @B73477,127119,1A00F1FFF603,26,-15,1014,
20/10/2020 17:50:13.875,44019,TAI_400 @B73477,127125,1500D6FFF403,21,-42,1012,
20/10/2020 17:50:13.924,44068,TAI_400 @B73477,127131,2000DBFFF103,32,-37,1009,
20/10/2020 17:50:14.022,44166,TAI_400 @B73477,127138,1E00E7FFFB03,30,-25,1019,
20/10/2020 17:50:14.071,44215,TAI_400 @B73477,127144,1D00DBFFFA03,29,-37,1018,
20/10/2020 17:50:14.119,44263,TAI_400 @B73477,127150,1900DEFFF603,25,-34,1014,
20/10/2020 17:50:14.168,44312,TAI_400 @B73477,127156,2500E5FFF703,37,-27,1015,
20/10/2020 17:50:14.217,44361,TAI_400 @B73477,127163,1B00EFFFED03,27,-17,1005,
20/10/2020 17:50:14.266,44410,TAI_400 @B73477,127169,1E00E3FFF903,30,-29,1017,
20/10/2020 17:50:14.314,44458,TAI_400 @B73477,127175,1900DAFFFD03,25,-38,1021,
20/10/2020 17:50:14.362,44506,TAI_400 @B73477,127181,0A00D5FFFF03,10,-43,1023,
20/10/2020 17:50:14.411,44555,TAI_400 @B73477,127188,1400EEFFF503,20,-18,1013,
20/10/2020 17:50:14.460,44604,TAI_400 @B73477,127194,1A00DAFFFE03,26,-38,1022,
20/10/2020 17:50:14.509,44653,TAI_400 @B73477,127200,1C00DDFFF103,28,-35,1009,
20/10/2020 17:50:14.559,44703,TAI_400 @B73477,127206,1E00E8FFE803,30,-24,1000,
20/10/2020 17:50:14.606,44750,TAI_400 @B73477,127213,1B00DBFFF103,27,-37,1009,
20/10/2020 17:50:14.655,44799,TAI_400 @B73477,127219,1A00E2FFEF03,26,-30,1007,
20/10/2020 17:50:14.704,44848,TAI_400 @B73477,127225,1F00E6FFED03,31,-26,1005,
20/10/2020 17:50:14.753,44897,TAI_400 @B73477,127231,1700DAFFF303,23,-38,1011,
20/10/2020 17:50:14.801,44945,TAI_400 @B73477,127238,1A00E1FFFD03,26,-31,1021,
20/10/2020 17:50:14.850,44994,TAI_400 @B73477,127244,2000D7FFF903,32,-41,1017,
20/10/2020 17:50:14.899,45043,TAI_400 @B73477,127250,1700DAFFEE03,23,-38,1006,
20/10/2020 17:50:14.947,45091,TAI_400 @B73477,127256,1F00E0FFEE03,31,-32,1006,
20/10/2020 17:50:14.996,45140,TAI_400 @B73477,127263,1F00D7FFFC03,31,-41,1020,
20/10/2020 17:50:15.045,45189,TAI_400 @B73477,127269,1700D9FFF203,23,-39,1010,
20/10/2020 17:50:15.094,45238,TAI_400 @B73477,127275,1C00E3FFEC03,28,-29,1004,
20/10/2020 17:50:15.192,45335,TAI_400 @B73477,127281,2100D3FFF703,33,-45,1015,
20/10/2020 17:50:15.240,45384,TAI_400 @B73477,127288,1F00DEFFED03,31,-34,1005,
20/10/2020 17:50:15.289,45433,TAI_400 @B73477,127294,2200E1FFFD03,34,-31,1021,
20/10/2020 17:50:15.338,45481,TAI_400 @B73477,127300,1700D1FFFF03,23,-47,1023,
20/10/2020 17:50:15.388,45532,TAI_400 @B73477,127306,1B00E0FFEF03,27,-32,1007,
20/10/2020 17:50:15.435,45579,TAI_400 @B73477,127313,1B00DFFFF403,27,-33,1012,
20/10/2020 17:50:15.486,45630,TAI_400 @B73477,127319,0E00E2FF0004,14,-30,1024,
20/10/2020 17:50:15.534,45678,TAI_400 @B73477,127325,1400DEFF0004,20,-34,1024,
20/10/2020 17:50:15.581,45725,TAI_400 @B73477,127331,1100D2FFFC03,17,-46,1020,
20/10/2020 17:50:15.630,45774,TAI_400 @B73477,127338,1800DFFFF103,24,-33,1009,
20/10/2020 17:50:15.679,45823,TAI_400 @B73477,127344,2100E1FFF303,33,-31,1011,
20/10/2020 17:50:15.728,45871,TAI_400 @B73477,127350,2000D5FFFF03,32,-43,1023,
20/10/2020 17:50:15.777,45920,TAI_400 @B73477,127356,1D00D8FFE103,29,-40,993,
20/10/2020 17:50:15.826,45969,TAI_400 @B73477,127363,2800E5FFF503,40,-27,1013,
20/10/2020 17:50:15.874,46018,TAI_400 @B73477,127369,1C00D8FF0304,28,-40,1027,
20/10/2020 17:50:15.922,46066,TAI_400 @B73477,127375,2100E3FFEC03,33,-29,1004,
20/10/2020 17:50:15.972,46116,TAI_400 @B73477,127381,2100E5FFFD03,33,-27,1021,
20/10/2020 17:50:16.020,46164,TAI_400 @B73477,127388,1200D7FF0204,18,-41,1026,
20/10/2020 17:50:16.069,46213,TAI_400 @B73477,127394,1D00D9FFEB03,29,-39,1003,
20/10/2020 17:50:16.119,46263,TAI_400 @B73477,127400,2600E0FFFA03,38,-32,1018,
20/10/2020 17:50:16.167,46310,TAI_400 @B73477,127406,0F00DCFFFF03,15,-36,1023,
20/10/2020 17:50:16.215,46359,TAI_400 @B73477,127413,1E00E7FFF403,30,-25,1012,
20/10/2020 17:50:16.314,46458,TAI_400 @B73477,127419,1C00DAFF0104,28,-38,1025,
20/10/2020 17:50:16.361,46505,TAI_400 @B73477,127425,0F00E0FFFE03,15,-32,1022,
20/10/2020 17:50:16.410,46554,TAI_400 @B73477,127431,2400E2FFF403,36,-30,1012,
20/10/2020 17:50:16.459,46603,TAI_400 @B73477,127438,1400DDFF0104,20,-35,1025,
20/10/2020 17:50:16.507,46651,TAI_400 @B73477,127444,1900EAFFF503,25,-22,1013,
20/10/2020 17:50:16.557,46700,TAI_400 @B73477,127450,2D00DFFFFA03,45,-33,1018,
20/10/2020 17:50:16.605,46749,TAI_400 @B73477,127456,1600DCFFF903,22,-36,1017,
20/10/2020 17:50:16.654,46798,TAI_400 @B73477,127463,1100E6FFF803,17,-26,1016,
20/10/2020 17:50:16.703,46847,TAI_400 @B73477,127469,2000D7FFF703,32,-41,1015,
20/10/2020 17:50:16.752,46896,TAI_400 @B73477,127475,0B00DBFFFD03,11,-37,1021,
20/10/2020 17:50:16.802,46946,TAI_400 @B73477,127481,2300EBFFF703,35,-21,1015,
20/10/2020 17:50:16.849,46993,TAI_400 @B73477,127488,2200DCFFF103,34,-36,1009,
20/10/2020 17:50:16.898,47042,TAI_400 @B73477,127494,1600DAFFF203,22,-38,1010,
20/10/2020 17:50:16.946,47090,TAI_400 @B73477,127500,2200EDFFEA03,34,-19,1002,
20/10/2020 17:50:16.995,47139,TAI_400 @B73477,127506,1B00D0FFF903,27,-48,1017,
20/10/2020 17:50:17.043,47187,TAI_400 @B73477,127513,1E00DEFFEB03,30,-34,1003,
20/10/2020 17:50:17.092,47236,TAI_400 @B73477,127519,1C00E7FF0204,28,-25,1026,
20/10/2020 17:50:17.141,47285,TAI_400 @B73477,127525,1600D8FFF803,22,-40,1016,
20/10/2020 17:50:17.190,47334,TAI_400 @B73477,127531,1300EEFF0604,19,-18,1030,
20/10/2020 17:50:17.239,47383,TAI_400 @B73477,127538,2600DEFF0404,38,-34,1028,
20/10/2020 17:50:17.288,47432,TAI_400 @B73477,127544,1B00E0FFF403,27,-32,1012,
20/10/2020 17:50:17.337,47481,TAI_400 @B73477,127550,1A00E6FFF803,26,-26,1016,
20/10/2020 17:50:17.387,47531,TAI_400 @B73477,127556,1800D6FFF903,24,-42,1017,
20/10/2020 17:50:17.482,47626,TAI_400 @B73477,127563,1900E3FFFC03,25,-29,1020,
20/10/2020 17:50:17.531,47675,TAI_400 @B73477,127569,2300EEFFF103,35,-18,1009,
20/10/2020 17:50:17.581,47724,TAI_400 @B73477,127575,2500DAFFF603,37,-38,1014,
20/10/2020 17:50:17.629,47773,TAI_400 @B73477,127581,1D00DEFFF403,29,-34,1012,
20/10/2020 17:50:17.678,47822,TAI_400 @B73477,127588,2700E7FFF703,39,-25,1015,
20/10/2020 17:50:17.727,47871,TAI_400 @B73477,127594,1C00DCFFED03,28,-36,1005,
20/10/2020 17:50:17.775,47919,TAI_400 @B73477,127600,1A00E9FFF703,26,-23,1015,
20/10/2020 17:50:17.823,47967,TAI_400 @B73477,127606,2300DAFFFA03,35,-38,1018,
20/10/2020 17:50:17.873,48017,TAI_400 @B73477,127613,1900DBFFF403,25,-37,1012,
20/10/2020 17:50:17.922,48066,TAI_400 @B73477,127619,1C00ECFFF203,28,-20,1010,
20/10/2020 17:50:17.970,48114,TAI_400 @B73477,127625,2100DCFFFD03,33,-36,1021,
20/10/2020 17:50:18.019,48163,TAI_400 @B73477,127631,1500DBFFEF03,21,-37,1007,
20/10/2020 17:50:18.070,48214,TAI_400 @B73477,127638,2600ECFFE703,38,-20,999,
20/10/2020 17:50:18.118,48262,TAI_400 @B73477,127644,1E00D4FFF703,30,-44,1015,
20/10/2020 17:50:18.165,48309,TAI_400 @B73477,127650,1200E2FFFD03,18,-30,1021,
20/10/2020 17:50:18.214,48358,TAI_400 @B73477,127656,1900E2FFF203,25,-30,1010,
20/10/2020 17:50:18.263,48407,TAI_400 @B73477,127663,1B00D5FFF403,27,-43,1012,
20/10/2020 17:50:18.312,48455,TAI_400 @B73477,127669,1900E2FFEF03,25,-30,1007,
20/10/2020 17:50:18.360,48504,TAI_400 @B73477,127675,2500EEFFFE03,37,-18,1022,
20/10/2020 17:50:18.409,48553,TAI_400 @B73477,127681,1400DDFFF503,20,-35,1013,
20/10/2020 17:50:18.457,48601,TAI_400 @B73477,127688,1D00E8FFEF03,29,-24,1007,
20/10/2020 17:50:18.506,48650,TAI_400 @B73477,127694,2500DDFFF803,37,-35,1016,
20/10/2020 17:50:18.604,48748,TAI_400 @B73477,127700,1900DBFFF503,25,-37,1013,
20/10/2020 17:50:18.654,48798,TAI_400 @B73477,127706,2100F2FFF303,33,-14,1011,
20/10/2020 17:50:18.703,48847,TAI_400 @B73477,127713,2200DCFFF903,34,-36,1017,
20/10/2020 17:50:18.750,48894,TAI_400 @B73477,127719,0F00E3FFFD03,15,-29,1021,
20/10/2020 17:50:18.799,48943,TAI_400 @B73477,127725,1D00EBFFED03,29,-21,1005,
20/10/2020 17:50:18.848,48992,TAI_400 @B73477,127731,1500D4FF0004,21,-44,1024,
20/10/2020 17:50:18.896,49040,TAI_400 @B73477,127738,1500E6FFFB03,21,-26,1019,
20/10/2020 17:50:18.945,49089,TAI_400 @B73477,127744,2200E1FFF403,34,-31,1012,
20/10/2020 17:50:18.994,49138,TAI_400 @B73477,127750,1600D5FFF803,22,-43,1016,
20/10/2020 17:50:19.042,49186,TAI_400 @B73477,127756,1800E3FFF903,24,-29,1017,
20/10/2020 17:50:19.091,49235,TAI_400 @B73477,127763,2200E0FFF203,34,-32,1010,
20/10/2020 17:50:19.140,49284,TAI_400 @B73477,127769,1400DAFFED03,20,-38,1005,
20/10/2020 17:50:19.189,49333,TAI_400 @B73477,127775,1C00E9FFF703,28,-23,1015,
20/10/2020 17:50:19.238,49382,TAI_400 @B73477,127781,2100D7FFFD03,33,-41,1021,
20/10/2020 17:50:19.287,49430,TAI_400 @B73477,127788,1C00DEFFF203,28,-34,1010,
20/10/2020 17:50:19.335,49479,TAI_400 @B73477,127794,2000E1FFF103,32,-31,1009,
20/10/2020 17:50:19.383,49527,TAI_400 @B73477,127800,1D00D9FF0504,29,-39,1029,
20/10/2020 17:50:19.434,49578,TAI_400 @B73477,127806,1100E5FFF403,17,-27,1012,
20/10/2020 17:50:19.482,49626,TAI_400 @B73477,127813,2300E7FFF803,35,-25,1016,
20/10/2020 17:50:19.530,49674,TAI_400 @B73477,127819,1400D7FFFB03,20,-41,1019,
20/10/2020 17:50:19.579,49723,TAI_400 @B73477,127825,1300E4FFEF03,19,-28,1007,
20/10/2020 17:50:19.628,49772,TAI_400 @B73477,127831,2200DDFFF503,34,-35,1013,
20/10/2020 17:50:19.678,49822,TAI_400 @B73477,127838,1400D8FFFC03,20,-40,1020,
20/10/2020 17:50:19.774,49918,TAI_400 @B73477,127844,1700DDFFE503,23,-35,997,
20/10/2020 17:50:19.823,49967,TAI_400 @B73477,127850,2600D7FFF003,38,-41,1008,
20/10/2020 17:50:19.872,50016,TAI_400 @B73477,127856,0E00DCFFFD03,14,-36,1021,
20/10/2020 17:50:19.920,50064,TAI_400 @B73477,127863,2400ECFFFE03,36,-20,1022,
20/10/2020 17:50:19.970,50114,TAI_400 @B73477,127869,1B00D2FFFC03,27,-46,1020,
20/10/2020 17:50:20.019,50163,TAI_400 @B73477,127875,1E00E3FFE803,30,-29,1000,
20/10/2020 17:50:20.066,50210,TAI_400 @B73477,127881,2400CEFFF203,36,-50,1010,
20/10/2020 17:50:20.115,50259,TAI_400 @B73477,127888,1700D3FFF803,23,-45,1016,
20/10/2020 17:50:20.164,50308,TAI_400 @B73477,127894,1700E4FFF503,23,-28,1013,
20/10/2020 17:50:20.213,50356,TAI_400 @B73477,127900,2300DFFFF303,35,-33,1011,
20/10/2020 17:50:20.261,50405,TAI_400 @B73477,127906,1C00DEFFF903,28,-34,1017,
20/10/2020 17:50:20.311,50455,TAI_400 @B73477,127913,1500EFFFF003,21,-17,1008,
20/10/2020 17:50:20.359,50503,TAI_400 @B73477,127919,2300DBFFF603,35,-37,1014,
20/10/2020 17:50:20.408,50552,TAI_400 @B73477,127925,1600DEFFF603,22,-34,1014,
20/10/2020 17:50:20.457,50601,TAI_400 @B73477,127931,1C00E6FFF603,28,-26,1014,
20/10/2020 17:50:20.506,50649,TAI_400 @B73477,127938,2000DBFFF803,32,-37,1016,
20/10/2020 17:50:20.554,50698,TAI_400 @B73477,127944,0D00E0FFFE03,13,-32,1022,
20/10/2020 17:50:20.603,50747,TAI_400 @B73477,127950,2300E9FFF003,35,-23,1008,
20/10/2020 17:50:20.653,50797,TAI_400 @B73477,127956,1700D8FFFF03,23,-40,1023,
20/10/2020 17:50:20.701,50845,TAI_400 @B73477,127963,2500E1FFEB03,37,-31,1003,
20/10/2020 17:50:20.749,50893,TAI_400 @B73477,127969,2000E2FFF403,32,-30,1012,
20/10/2020 17:50:20.798,50942,TAI_400 @B73477,127975,2000D8FFF703,32,-40,1015,
20/10/2020 17:50:20.897,51041,TAI_400 @B73477,127981,1A00E9FFFA03,26,-23,1018,
20/10/2020 17:50:20.944,51088,TAI_400 @B73477,127988,2200D9FFF803,34,-39,1016,
20/10/2020 17:50:20.993,51137,TAI_400 @B73477,127994,1200DBFFF403,18,-37,1012,
20/10/2020 17:50:21.041,51185,TAI_400 @B73477,128000,2400E0FFE803,36,-32,1000,
20/10/2020 17:50:21.090,51234,TAI_400 @B73477,128006,2400DAFFF903,36,-38,1017,
20/10/2020 17:50:21.139,51283,TAI_400 @B73477,128013,1800DDFFEC03,24,-35,1004,
20/10/2020 17:50:21.188,51332,TAI_400 @B73477,128019,1B00E3FFEB03,27,-29,1003,
20/10/2020 17:50:21.236,51380,TAI_400 @B73477,128025,1E00D5FFF603,30,-43,1014,
20/10/2020 17:50:21.285,51429,TAI_400 @B73477,128031,0F00E8FFF103,15,-24,1009,
20/10/2020 17:50:21.335,51479,TAI_400 @B73477,128038,1B00DEFFF303,27,-34,1011,
20/10/2020 17:50:21.383,51527,TAI_400 @B73477,128044,1700D2FFFC03,23,-46,1020,
20/10/2020 17:50:21.431,51575,TAI_400 @B73477,128050,1A00E6FFEF03,26,-26,1007,
20/10/2020 17:50:21.481,51625,TAI_400 @B73477,128056,2500E5FFF703,37,-27,1015,
20/10/2020 17:50:21.529,51673,TAI_400 @B73477,128063,1200D8FFFB03,18,-40,1019,
20/10/2020 17:50:21.578,51722,TAI_400 @B73477,128069,2000E9FFF403,32,-23,1012,
20/10/2020 17:50:21.627,51771,TAI_400 @B73477,128075,1900D1FFF303,25,-47,1011,
20/10/2020 17:50:21.675,51819,TAI_400 @B73477,128081,1600DCFF0704,22,-36,1031,
20/10/2020 17:50:21.724,51868,TAI_400 @B73477,128088,1900DEFFE803,25,-34,1000,
20/10/2020 17:50:21.773,51917,TAI_400 @B73477,128094,1F00D9FFF303,31,-39,1011,
20/10/2020 17:50:21.822,51965,TAI_400 @B73477,128100,1A00DCFFEF03,26,-36,1007,
20/10/2020 17:50:21.870,52014,TAI_400 @B73477,128106,2100DEFFFA03,33,-34,1018,
20/10/2020 17:50:21.919,52063,TAI_400 @B73477,128113,1A00D4FF0604,26,-44,1030,
20/10/2020 17:50:22.017,52161,TAI_400 @B73477,128119,1B00DCFFFB03,27,-36,1019,
20/10/2020 17:50:22.066,52210,TAI_400 @B73477,128125,2500D9FFF103,37,-39,1009,
20/10/2020 17:50:22.114,52258,TAI_400 @B73477,128131,1400DCFFF503,20,-36,1013,
20/10/2020 17:50:22.163,52307,TAI_400 @B73477,128138,1B00E3FFFC03,27,-29,1020,
20/10/2020 17:50:22.212,52355,TAI_400 @B73477,128144,2200DBFF0204,34,-37,1026,
20/10/2020 17:50:22.261,52404,TAI_400 @B73477,128150,0800D9FFFD03,8,-39,1021,
20/10/2020 17:50:22.309,52453,TAI_400 @B73477,128156,1E00F4FFFA03,30,-12,1018,
20/10/2020 17:50:22.358,52502,TAI_400 @B73477,128163,2000D7FFEC03,32,-41,1004,
20/10/2020 17:50:22.406,52550,TAI_400 @B73477,128169,1900E1FFEC03,25,-31,1004,
20/10/2020 17:50:22.455,52599,TAI_400 @B73477,128175,2400E3FFF403,36,-29,1012,
20/10/2020 17:50:22.504,52648,TAI_400 @B73477,128181,1B00D7FFF003,27,-41,1008,
20/10/2020 17:50:22.554,52698,TAI_400 @B73477,128188,1900E5FFE903,25,-27,1001,
20/10/2020 17:50:22.602,52745,TAI_400 @B73477,128194,1C00DCFFF703,28,-36,1015,
20/10/2020 17:50:22.651,52795,TAI_400 @B73477,128200,1E00DDFFF603,30,-35,1014,
20/10/2020 17:50:22.699,52843,TAI_400 @B73477,128206,1C00E4FFF203,28,-28,1010,
20/10/2020 17:50:22.748,52892,TAI_400 @B73477,128213,2000D6FFF303,32,-42,1011,
20/10/2020 17:50:22.797,52941,TAI_400 @B73477,128219,1400D8FFFA03,20,-40,1018,
20/10/2020 17:50:22.845,52989,TAI_400 @B73477,128225,2000E7FFE803,32,-25,1000,
20/10/2020 17:50:22.894,53038,TAI_400 @B73477,128231,1800D5FF0504,24,-43,1029,
20/10/2020 17:50:22.943,53087,TAI_400 @B73477,128238,1200DBFFF703,18,-37,1015,
20/10/2020 17:50:22.991,53135,TAI_400 @B73477,128244,2900EFFFF303,41,-17,1011,
20/10/2020 17:50:23.040,53184,TAI_400 @B73477,128250,1F00D4FFF903,31,-44,1017,
20/10/2020 17:50:23.089,53233,TAI_400 @B73477,128256,1800E0FFEB03,24,-32,1003,
20/10/2020 17:50:23.187,53331,TAI_400 @B73477,128263,2100DFFFF303,33,-33,1011,
20/10/2020 17:50:23.236,53380,TAI_400 @B73477,128269,1400D8FF0104,20,-40,1025,
20/10/2020 17:50:23.285,53429,TAI_400 @B73477,128275,1400E7FFED03,20,-25,1005,
20/10/2020 17:50:23.335,53479,TAI_400 @B73477,128281,1D00E6FFF803,29,-26,1016,
20/10/2020 17:50:23.381,53525,TAI_400 @B73477,128288,1A00D3FFF903,26,-45,1017,
20/10/2020 17:50:23.430,53574,TAI_400 @B73477,128294,1D00E2FFF003,29,-30,1008,
20/10/2020 17:50:23.479,53623,TAI_400 @B73477,128300,2100DDFF0404,33,-35,1028,
20/10/2020 17:50:23.528,53672,TAI_400 @B73477,128306,1200DDFFF003,18,-35,1008,
20/10/2020 17:50:23.577,53720,TAI_400 @B73477,128313,1E00E9FFEF03,30,-23,1007,
20/10/2020 17:50:23.625,53769,TAI_400 @B73477,128319,1F00D7FFF703,31,-41,1015,
20/10/2020 17:50:23.674,53818,TAI_400 @B73477,128325,1E00E3FFEE03,30,-29,1006,
20/10/2020 17:50:23.723,53867,TAI_400 @B73477,128331,1F00E6FFF003,31,-26,1008,
20/10/2020 17:50:23.771,53915,TAI_400 @B73477,128338,1900D0FFF603,25,-48,1014,
20/10/2020 17:50:23.820,53964,TAI_400 @B73477,128344,1C00E7FFF403,28,-25,1012,
20/10/2020 17:50:23.869,54013,TAI_400 @B73477,128350,2500E4FFF403,37,-28,1012,
20/10/2020 17:50:23.919,54063,TAI_400 @B73477,128356,1600D7FF0004,22,-41,1024,
20/10/2020 17:50:23.966,54110,TAI_400 @B73477,128363,1D00E1FFF503,29,-31,1013,
20/10/2020 17:50:24.016,54160,TAI_400 @B73477,128369,1300D3FFEE03,19,-45,1006,
20/10/2020 17:50:24.065,54209,TAI_400 @B73477,128375,1900DDFFF503,25,-35,1013,
20/10/2020 17:50:24.112,54256,TAI_400 @B73477,128381,1A00DFFFF703,26,-33,1015,
20/10/2020 17:50:24.161,54305,TAI_400 @B73477,128388,1600D9FFEE03,22,-39,1006,
20/10/2020 17:50:24.210,54354,TAI_400 @B73477,128394,1600DFFFF603,22,-33,1014,
20/10/2020 17:50:24.259,54403,TAI_400 @B73477,128400,1F00E1FFF403,31,-31,1012,
20/10/2020 17:50:24.356,54500,TAI_400 @B73477,128406,1800D7FFF803,24,-41,1016,
20/10/2020 17:50:24.405,54549,TAI_400 @B73477,128413,1800EAFFF703,24,-22,1015,
20/10/2020 17:50:24.454,54598,TAI_400 @B73477,128419,1E00F3FFF503,30,-13,1013,
20/10/2020 17:50:24.503,54647,TAI_400 @B73477,128425,1400D3FFF803,20,-45,1016,
20/10/2020 17:50:24.553,54697,TAI_400 @B73477,128431,2500E3FFFD03,37,-29,1021,
20/10/2020 17:50:24.600,54744,TAI_400 @B73477,128438,1700DBFFF603,23,-37,1014,
20/10/2020 17:50:24.649,54793,TAI_400 @B73477,128444,1000DDFFF603,16,-35,1014,
20/10/2020 17:50:24.697,54841,TAI_400 @B73477,128450,1800E0FFFA03,24,-32,1018,
20/10/2020 17:50:24.747,54891,TAI_400 @B73477,128456,2400D7FFF403,36,-41,1012,
20/10/2020 17:50:24.795,54939,TAI_400 @B73477,128463,1B00E1FFEE03,27,-31,1006,
20/10/2020 17:50:24.845,54988,TAI_400 @B73477,128469,1D00DCFF0104,29,-36,1025,
20/10/2020 17:50:24.893,55037,TAI_400 @B73477,128475,1B00D0FFF103,27,-48,1009,
20/10/2020 17:50:24.941,55085,TAI_400 @B73477,128481,1100DFFFEA03,17,-33,1002,
20/10/2020 17:50:24.990,55134,TAI_400 @B73477,128488,2700DBFFF303,39,-37,1011,
20/10/2020 17:50:25.039,55183,TAI_400 @B73477,128494,1800D4FFF503,24,-44,1013,
20/10/2020 17:50:25.087,55231,TAI_400 @B73477,128500,1600DEFFF103,22,-34,1009,
20/10/2020 17:50:25.137,55281,TAI_400 @B73477,128506,2400DAFFFA03,36,-38,1018,
20/10/2020 17:50:25.185,55329,TAI_400 @B73477,128513,1300DAFFF603,19,-38,1014,
20/10/2020 17:50:25.234,55378,TAI_400 @B73477,128519,1800F0FFE703,24,-16,999,
20/10/2020 17:50:25.283,55427,TAI_400 @B73477,128525,2900D8FFF803,41,-40,1016,
20/10/2020 17:50:25.331,55475,TAI_400 @B73477,128531,1A00E1FFF503,26,-31,1013,
20/10/2020 17:50:25.380,55524,TAI_400 @B73477,128538,1C00DEFFF503,28,-34,1013,
20/10/2020 17:50:25.478,55622,TAI_400 @B73477,128544,1C00DDFFFA03,28,-35,1018,
20/10/2020 17:50:25.527,55671,TAI_400 @B73477,128550,1900E5FFF703,25,-27,1015,
20/10/2020 17:50:25.575,55719,TAI_400 @B73477,128556,2900E7FFF803,41,-25,1016,
20/10/2020 17:50:25.624,55768,TAI_400 @B73477,128563,1900D2FFF103,25,-46,1009,
20/10/2020 17:50:25.673,55817,TAI_400 @B73477,128569,0F00DFFFF003,15,-33,1008,
20/10/2020 17:50:25.722,55866,TAI_400 @B73477,128575,1D00D8FFFC03,29,-40,1020,
20/10/2020 17:50:25.770,55914,TAI_400 @B73477,128581,1900DAFFF303,25,-38,1011,
20/10/2020 17:50:25.871,56015,TAI_400 @B73477,128588,1900E4FFF403,25,-28,1012,
20/10/2020 17:50:25.871,56015,TAI_400 @B73477,128594,2500DFFFF603,37,-33,1014,
20/10/2020 17:50:25.917,56061,TAI_400 @B73477,128600,1600DCFFEA03,22,-36,1002,
20/10/2020 17:50:25.966,56110,TAI_400 @B73477,128606,1500E3FFFA03,21,-29,1018,
20/10/2020 17:50:26.014,56158,TAI_400 @B73477,128613,2100D6FFFF03,33,-42,1023,
20/10/2020 17:50:26.063,56207,TAI_400 @B73477,128619,1700EAFFFE03,23,-22,1022,
20/10/2020 17:50:26.112,56255,TAI_400 @B73477,128625,1E00E6FFF503,30,-26,1013,
20/10/2020 17:50:26.161,56305,TAI_400 @B73477,128631,1200DCFFF403,18,-36,1012,
20/10/2020 17:50:26.209,56353,TAI_400 @B73477,128638,1B00E5FFEE03,27,-27,1006,
20/10/2020 17:50:26.257,56401,TAI_400 @B73477,128644,1D00DFFFFC03,29,-33,1020,
20/10/2020 17:50:26.307,56451,TAI_400 @B73477,128650,1E00DEFF0104,30,-34,1025,
20/10/2020 17:50:26.355,56499,TAI_400 @B73477,128656,1900EDFFF603,25,-19,1014,
20/10/2020 17:50:26.403,56547,TAI_400 @B73477,128663,1B00DFFFFA03,27,-33,1018,
20/10/2020 17:50:26.452,56596,TAI_400 @B73477,128669,0F00DCFFFA03,15,-36,1018,
20/10/2020 17:50:26.503,56647,TAI_400 @B73477,128675,2300EFFFF303,35,-17,1011,
20/10/2020 17:50:26.599,56743,TAI_400 @B73477,128681,1A00DBFFEF03,26,-37,1007,
20/10/2020 17:50:26.648,56792,TAI_400 @B73477,128688,1700E6FFF303,23,-26,1011,
20/10/2020 17:50:26.696,56840,TAI_400 @B73477,128694,2200E4FFF903,34,-28,1017,
20/10/2020 17:50:26.745,56889,TAI_400 @B73477,128700,1A00D5FFF303,26,-43,1011,
20/10/2020 17:50:26.794,56938,TAI_400 @B73477,128706,1400E2FFED03,20,-30,1005,
20/10/2020 17:50:26.843,56987,TAI_400 @B73477,128713,2100E5FF0504,33,-27,1029,
20/10/2020 17:50:26.891,57035,TAI_400 @B73477,128719,1B00D2FFFB03,27,-46,1019,
20/10/2020 17:50:26.989,57133,TAI_400 @B73477,128725,1C00DCFFF303,28,-36,1011,
20/10/2020 17:50:26.989,57133,TAI_400 @B73477,128731,2700D9FFF503,39,-39,1013,
20/10/2020 17:50:27.039,57183,TAI_400 @B73477,128738,1400DBFFF703,20,-37,1015,
20/10/2020 17:50:27.087,57231,TAI_400 @B73477,128744,2300E4FFF503,35,-28,1013,
20/10/2020 17:50:27.136,57280,TAI_400 @B73477,128750,1700DAFFFE03,23,-38,1022,
20/10/2020 17:50:27.184,57328,TAI_400 @B73477,128756,2200E3FFF403,34,-29,1012,
20/10/2020 17:50:27.233,57377,TAI_400 @B73477,128763,1C00E6FFF503,28,-26,1013,
20/10/2020 17:50:27.282,57426,TAI_400 @B73477,128769,1A00D7FFFB03,26,-41,1019,
20/10/2020 17:50:27.330,57474,TAI_400 @B73477,128775,1700E5FFFA03,23,-27,1018,
20/10/2020 17:50:27.379,57523,TAI_400 @B73477,128781,2000ECFFF603,32,-20,1014,
20/10/2020 17:50:27.428,57572,TAI_400 @B73477,128788,1B00DEFFF403,27,-34,1012,
20/10/2020 17:50:27.477,57621,TAI_400 @B73477,128794,1300DBFFF803,19,-37,1016,
20/10/2020 17:50:27.526,57670,TAI_400 @B73477,128800,1F00E7FFF903,31,-25,1017,
20/10/2020 17:50:27.574,57718,TAI_400 @B73477,128806,1A00D4FFF403,26,-44,1012,
20/10/2020 17:50:27.623,57767,TAI_400 @B73477,128813,1D00DEFFF603,29,-34,1014,
20/10/2020 17:50:27.671,57815,TAI_400 @B73477,128819,2500D9FFF603,37,-39,1014,
20/10/2020 17:50:27.771,57915,TAI_400 @B73477,128825,0500DBFF0304,5,-37,1027,
20/10/2020 17:50:27.821,57964,TAI_400 @B73477,128831,1E00DBFFF703,30,-37,1015,
20/10/2020 17:50:27.866,58010,TAI_400 @B73477,128838,1D00D6FF0004,29,-42,1024,
20/10/2020 17:50:27.915,58059,TAI_400 @B73477,128844,1B00E2FFED03,27,-30,1005,
20/10/2020 17:50:27.964,58108,TAI_400 @B73477,128850,2400E8FFF003,36,-24,1008,
20/10/2020 17:50:28.013,58157,TAI_400 @B73477,128856,1A00D6FFF803,26,-42,1016,
20/10/2020 17:50:28.061,58205,TAI_400 @B73477,128863,1B00E7FFEB03,27,-25,1003,
20/10/2020 17:50:28.111,58254,TAI_400 @B73477,128869,2700E4FFF903,39,-28,1017,
20/10/2020 17:50:28.159,58303,TAI_400 @B73477,128875,1700DFFFF103,23,-33,1009,
20/10/2020 17:50:28.209,58353,TAI_400 @B73477,128881,1600DFFFEE03,22,-33,1006,
20/10/2020 17:50:28.257,58401,TAI_400 @B73477,128888,1F00DDFFFB03,31,-35,1019,
20/10/2020 17:50:28.305,58449,TAI_400 @B73477,128894,1200DCFFF903,18,-36,1017,
20/10/2020 17:50:28.354,58498,TAI_400 @B73477,128900,1B00E0FFF603,27,-32,1014,
20/10/2020 17:50:28.403,58547,TAI_400 @B73477,128906,2300D9FFF303,35,-39,1011,
20/10/2020 17:50:28.452,58596,TAI_400 @B73477,128913,0800DEFFF403,8,-34,1012,
20/10/2020 17:50:28.500,58644,TAI_400 @B73477,128919,2300E5FFF003,35,-27,1008,
20/10/2020 17:50:28.549,58693,TAI_400 @B73477,128925,1B00D5FF0504,27,-43,1029,
20/10/2020 17:50:28.598,58741,TAI_400 @B73477,128931,1500E4FFF803,21,-28,1016,
20/10/2020 17:50:28.647,58791,TAI_400 @B73477,128938,1E00E3FFFE03,30,-29,1022,
20/10/2020 17:50:28.695,58839,TAI_400 @B73477,128944,1B00D9FFFC03,27,-39,1020,
20/10/2020 17:50:28.744,58888,TAI_400 @B73477,128950,1A00E4FFED03,26,-28,1005,
20/10/2020 17:50:28.794,58938,TAI_400 @B73477,128956,1F00DBFF0104,31,-37,1025,
20/10/2020 17:50:28.841,58985,TAI_400 @B73477,128963,0500DBFF0404,5,-37,1028,
20/10/2020 17:50:28.939,59083,TAI_400 @B73477,128969,1B00E8FFF403,27,-24,1012,
20/10/2020 17:50:28.988,59132,TAI_400 @B73477,128975,1E00D5FFFB03,30,-43,1019,
20/10/2020 17:50:29.037,59181,TAI_400 @B73477,128981,1600E0FFF103,22,-32,1009,
20/10/2020 17:50:29.087,59230,TAI_400 @B73477,128988,1B00E9FFEE03,27,-23,1006,
20/10/2020 17:50:29.134,59278,TAI_400 @B73477,128994,1E00D8FFF403,30,-40,1012,
20/10/2020 17:50:29.182,59326,TAI_400 @B73477,129000,1300D9FFF803,19,-39,1016,
20/10/2020 17:50:29.231,59375,TAI_400 @B73477,129006,2000E8FFF503,32,-24,1013,
20/10/2020 17:50:29.280,59424,TAI_400 @B73477,129013,1D00DDFFFE03,29,-35,1022,
20/10/2020 17:50:29.329,59473,TAI_400 @B73477,129019,1400EEFFEE03,20,-18,1006,
20/10/2020 17:50:29.378,59522,TAI_400 @B73477,129025,2500DFFFF703,37,-33,1015,
20/10/2020 17:50:29.426,59570,TAI_400 @B73477,129031,1300DEFFFE03,19,-34,1022,
20/10/2020 17:50:29.475,59619,TAI_400 @B73477,129038,1D00E2FFF403,29,-30,1012,
20/10/2020 17:50:29.524,59668,TAI_400 @B73477,129044,1F00E6FFFD03,31,-26,1021,
20/10/2020 17:50:29.573,59717,TAI_400 @B73477,129050,0E00E0FFF903,14,-32,1017,
20/10/2020 17:50:29.622,59766,TAI_400 @B73477,129056,1700E2FFF503,23,-30,1013,
20/10/2020 17:50:29.672,59816,TAI_400 @B73477,129063,1700D8FFFC03,23,-40,1020,
20/10/2020 17:50:29.721,59865,TAI_400 @B73477,129069,1400DFFFF303,20,-33,1011,
20/10/2020 17:50:29.768,59912,TAI_400 @B73477,129075,2800E0FF0404,40,-32,1028,
20/10/2020 17:50:29.819,59963,TAI_400 @B73477,129081,1900C9FF0A04,25,-55,1034,
20/10/2020 17:50:29.865,60009,TAI_400 @B73477,129088,0E00E3FFFD03,14,-29,1021,
20/10/2020 17:50:29.914,60058,TAI_400 @B73477,129094,1F00E5FFFB03,31,-27,1019,
20/10/2020 17:50:29.963,60107,TAI_400 @B73477,129100,1400D8FFFA03,20,-40,1018,
20/10/2020 17:50:30.060,60204,TAI_400 @B73477,129106,1900E3FFF903,25,-29,1017,
20/10/2020 17:50:30.109,60253,TAI_400 @B73477,129113,2700DEFFFC03,39,-34,1020,
20/10/2020 17:50:30.158,60302,TAI_400 @B73477,129119,1700E0FFF503,23,-32,1013,
20/10/2020 17:50:30.206,60350,TAI_400 @B73477,129125,1400E8FFF103,20,-24,1009,
20/10/2020 17:50:30.255,60399,TAI_400 @B73477,129131,1C00D3FFF203,28,-45,1010,
20/10/2020 17:50:30.304,60447,TAI_400 @B73477,129138,1A00DFFFE903,26,-33,1001,
20/10/2020 17:50:30.354,60498,TAI_400 @B73477,129144,2400EBFFF803,36,-21,1016,
20/10/2020 17:50:30.403,60547,TAI_400 @B73477,129150,1F00D2FFF703,31,-46,1015,
20/10/2020 17:50:30.450,60594,TAI_400 @B73477,129156,1E00E9FFF003,30,-23,1008,
20/10/2020 17:50:30.499,60643,TAI_400 @B73477,129163,1E00DCFFF803,30,-36,1016,
20/10/2020 17:50:30.548,60692,TAI_400 @B73477,129169,1900DAFFF703,25,-38,1015,
20/10/2020 17:50:30.597,60741,TAI_400 @B73477,129175,1900ECFFE903,25,-20,1001,
20/10/2020 17:50:30.645,60789,TAI_400 @B73477,129181,2100DFFFF203,33,-33,1010,
20/10/2020 17:50:30.694,60838,TAI_400 @B73477,129188,1700DCFFF603,23,-36,1014,
20/10/2020 17:50:30.743,60887,TAI_400 @B73477,129194,1E00E2FFEF03,30,-30,1007,
20/10/2020 17:50:30.792,60936,TAI_400 @B73477,129200,1E00DAFFF803,30,-38,1016,
20/10/2020 17:50:30.840,60984,TAI_400 @B73477,129206,0A00E2FFF603,10,-30,1014,
20/10/2020 17:50:30.889,61033,TAI_400 @B73477,129213,2800EEFFF503,40,-18,1013,
20/10/2020 17:50:30.937,61081,TAI_400 @B73477,129219,1D00DAFFF403,29,-38,1012,
20/10/2020 17:50:30.987,61131,TAI_400 @B73477,129225,1E00DEFFF103,30,-34,1009,
20/10/2020 17:50:31.036,61180,TAI_400 @B73477,129231,1E00E7FFFA03,30,-25,1018,
20/10/2020 17:50:31.084,61228,TAI_400 @B73477,129238,1300DBFFF003,19,-37,1008,
20/10/2020 17:50:31.182,61326,TAI_400 @B73477,129244,0E00EAFFF803,14,-22,1016,
20/10/2020 17:50:31.230,61374,TAI_400 @B73477,129250,2B00DBFFEE03,43,-37,1006,
20/10/2020 17:50:31.278,61422,TAI_400 @B73477,129256,1A00D9FFF603,26,-39,1014,
20/10/2020 17:50:31.328,61472,TAI_400 @B73477,129263,1F00E9FFF703,31,-23,1015,
20/10/2020 17:50:31.376,61520,TAI_400 @B73477,129269,1C00DAFFFE03,28,-38,1022,
20/10/2020 17:50:31.425,61569,TAI_400 @B73477,129275,1D00DEFFF703,29,-34,1015,
20/10/2020 17:50:31.474,61618,TAI_400 @B73477,129281,2200E0FFEF03,34,-32,1007,
20/10/2020 17:50:31.523,61667,TAI_400 @B73477,129288,1F00D7FFF303,31,-41,1011,
20/10/2020 17:50:31.572,61716,TAI_400 @B73477,129294,1300E8FFF703,19,-24,1015,
20/10/2020 17:50:31.621,61765,TAI_400 @B73477,129300,2300E0FFF603,35,-32,1014,
20/10/2020 17:50:31.671,61815,TAI_400 @B73477,129306,1A00D2FFFB03,26,-46,1019,
20/10/2020 17:50:31.719,61863,TAI_400 @B73477,129313,1900E2FFF403,25,-30,1012,
20/10/2020 17:50:31.767,61911,TAI_400 @B73477,129319,2A00E4FFF903,42,-28,1017,
20/10/2020 17:50:31.817,61961,TAI_400 @B73477,129325,1800DCFFFF03,24,-36,1023,
20/10/2020 17:50:31.864,62008,TAI_400 @B73477,129331,1500E8FFF903,21,-24,1017,
20/10/2020 17:50:31.913,62057,TAI_400 @B73477,129338,1700D8FFFB03,23,-40,1019,
20/10/2020 17:50:31.962,62105,TAI_400 @B73477,129344,1700DCFFFA03,23,-36,1018,
20/10/2020 17:50:32.010,62154,TAI_400 @B73477,129350,1C00E3FFF903,28,-29,1017,
20/10/2020 17:50:32.059,62203,TAI_400 @B73477,129356,1C00DEFFF703,28,-34,1015,
20/10/2020 17:50:32.108,62252,TAI_400 @B73477,129363,1500D9FFF803,21,-39,1016,
20/10/2020 17:50:32.156,62300,TAI_400 @B73477,129369,1C00E2FFFA03,28,-30,1018,
20/10/2020 17:50:32.206,62350,TAI_400 @B73477,129375,1B00DCFFFE03,27,-36,1022,
20/10/2020 17:50:32.254,62398,TAI_400 @B73477,129381,1700DDFFF703,23,-35,1015,
20/10/2020 17:50:32.354,62498,TAI_400 @B73477,129388,2F00EEFFF003,47,-18,1008,
20/10/2020 17:50:32.400,62544,TAI_400 @B73477,129394,1500D4FFF903,21,-44,1017,
20/10/2020 17:50:32.449,62593,TAI_400 @B73477,129400,1C00EFFFFC03,28,-17,1020,
20/10/2020 17:50:32.498,62641,TAI_400 @B73477,129406,1400D7FFF203,20,-41,1010,
20/10/2020 17:50:32.546,62690,TAI_400 @B73477,129413,1200D6FFF303,18,-42,1011,
20/10/2020 17:50:32.595,62739,TAI_400 @B73477,129419,1D00EDFFFB03,29,-19,1019,
20/10/2020 17:50:32.644,62788,TAI_400 @B73477,129425,1B00D9FFF403,27,-39,1012,
20/10/2020 17:50:32.692,62836,TAI_400 @B73477,129431,1700DDFFF203,23,-35,1010,
20/10/2020 17:50:32.741,62885,TAI_400 @B73477,129438,1E00E0FFF103,30,-32,1009,
20/10/2020 17:50:32.791,62935,TAI_400 @B73477,129444,1A00D4FFFE03,26,-44,1022,
