Date,HostTimestamp (ms),NodeName,NodeTimestamp,RawData,X (mGa),Y (mGa),Z (mGa),
20/10/2020 17:37:49.170,11,TAI_400 @B73477,34761,D21939152254,6610,5433,21538,
20/10/2020 17:37:49.219,60,TAI_400 @B73477,34768,D51933152454,6613,5427,21540,
20/10/2020 17:37:49.268,109,TAI_400 @B73477,34774,861942151F54,6534,5442,21535,
20/10/2020 17:37:49.317,158,TAI_400 @B73477,34780,AD1948151C54,6573,5448,21532,
20/10/2020 17:37:49.365,206,TAI_400 @B73477,34786,DA1927152254,6618,5415,21538,
20/10/2020 17:37:49.413,254,TAI_400 @B73477,34793,BA1930151E54,6586,5424,21534,
20/10/2020 17:37:49.462,303,TAI_400 @B73477,34799,D11937152254,6609,5431,21538,
20/10/2020 17:37:49.512,353,TAI_400 @B73477,34805,C51925151054,6597,5413,21520,
20/10/2020 17:37:49.561,402,TAI_400 @B73477,34811,B01945152154,6576,5445,21537,
20/10/2020 17:37:49.609,450,TAI_400 @B73477,34818,C31949152254,6595,5449,21538,
20/10/2020 17:37:49.658,499,TAI_400 @B73477,34824,9F1933152A54,6559,5427,21546,
20/10/2020 17:37:49.707,548,TAI_400 @B73477,34830,C91954152154,6601,5460,21537,
20/10/2020 17:37:49.756,597,TAI_400 @B73477,34836,B31933152154,6579,5427,21537,
20/10/2020 17:37:49.804,645,TAI_400 @B73477,34843,BC1930152454,6588,5424,21540,
20/10/2020 17:37:49.853,694,TAI_400 @B73477,34849,D71940152554,6615,5440,21541,
20/10/2020 17:37:49.902,743,TAI_400 @B73477,34855,C21937152854,6594,5431,21544,
20/10/2020 17:37:49.950,791,TAI_400 @B73477,34861,95193F151F54,6549,5439,21535,
20/10/2020 17:37:49.998,839,TAI_400 @B73477,34868,D8193F152754,6616,5439,21543,
20/10/2020 17:37:50.049,890,TAI_400 @B73477,34874,A81940152454,6568,5440,21540,
20/10/2020 17:37:50.098,939,TAI_400 @B73477,34880,961946152A54,6550,5446,21546,
20/10/2020 17:37:50.145,986,TAI_400 @B73477,34886,E01931152254,6624,5425,21538,
20/10/2020 17:37:50.193,1034,TAI_400 @B73477,34893,CF192D151C54,6607,5421,21532,
20/10/2020 17:37:50.293,1134,TAI_400 @B73477,34899,AD1945151F54,6573,5445,21535,
20/10/2020 17:37:50.340,1181,TAI_400 @B73477,34905,E41930151F54,6628,5424,21535,
20/10/2020 17:37:50.389,1230,TAI_400 @B73477,34911,AD1936151C54,6573,5430,21532,
20/10/2020 17:37:50.438,1279,TAI_400 @B73477,34918,AD1954152254,6573,5460,21538,
20/10/2020 17:37:50.486,1327,TAI_400 @B73477,34924,BF1934152254,6591,5428,21538,
20/10/2020 17:37:50.534,1375,TAI_400 @B73477,34930,B01934152254,6576,5428,21538,
20/10/2020 17:37:50.583,1424,TAI_400 @B73477,34936,E11942151F54,6625,5442,21535,
20/10/2020 17:37:50.632,1473,TAI_400 @B73477,34943,B91927152554,6585,5415,21541,
20/10/2020 17:37:50.682,1523,TAI_400 @B73477,34949,CF193D151954,6607,5437,21529,
20/10/2020 17:37:50.731,1572,TAI_400 @B73477,34955,CB1949151C54,6603,5449,21532,
20/10/2020 17:37:50.779,1620,TAI_400 @B73477,34961,A4193F151F54,6564,5439,21535,
20/10/2020 17:37:50.828,1669,TAI_400 @B73477,34968,A71943151F54,6567,5443,21535,
20/10/2020 17:37:50.877,1718,TAI_400 @B73477,34974,E01936151F54,6624,5430,21535,
20/10/2020 17:37:50.925,1766,TAI_400 @B73477,34980,98193C151B54,6552,5436,21531,
20/10/2020 17:37:50.974,1815,TAI_400 @B73477,34986,C91937152854,6601,5431,21544,
20/10/2020 17:37:51.022,1863,TAI_400 @B73477,34993,E11933152154,6625,5427,21537,
20/10/2020 17:37:51.071,1912,TAI_400 @B73477,34999,A1193F151954,6561,5439,21529,
20/10/2020 17:37:51.120,1961,TAI_400 @B73477,35005,A51951152854,6565,5457,21544,
20/10/2020 17:37:51.169,2010,TAI_400 @B73477,35011,CB192A152154,6603,5418,21537,
20/10/2020 17:37:51.218,2059,TAI_400 @B73477,35018,991946152554,6553,5446,21541,
20/10/2020 17:37:51.266,2107,TAI_400 @B73477,35024,BA193C152754,6586,5436,21543,
20/10/2020 17:37:51.316,2157,TAI_400 @B73477,35030,C21931151F54,6594,5425,21535,
20/10/2020 17:37:51.364,2205,TAI_400 @B73477,35036,C01940151F54,6592,5440,21535,
20/10/2020 17:37:51.461,2302,TAI_400 @B73477,35043,CB1942151C54,6603,5442,21532,
20/10/2020 17:37:51.511,2352,TAI_400 @B73477,35049,C01931151C54,6592,5425,21532,
20/10/2020 17:37:51.558,2399,TAI_400 @B73477,35055,D1194B151854,6609,5451,21528,
20/10/2020 17:37:51.607,2448,TAI_400 @B73477,35061,B1193D152454,6577,5437,21540,
20/10/2020 17:37:51.657,2498,TAI_400 @B73477,35068,9F1939151E54,6559,5433,21534,
20/10/2020 17:37:51.706,2547,TAI_400 @B73477,35074,D41937152254,6612,5431,21538,
20/10/2020 17:37:51.754,2595,TAI_400 @B73477,35080,DA1931152454,6618,5425,21540,
20/10/2020 17:37:51.803,2644,TAI_400 @B73477,35086,9E1942151F54,6558,5442,21535,
20/10/2020 17:37:51.852,2693,TAI_400 @B73477,35093,E41937151E54,6628,5431,21534,
20/10/2020 17:37:51.900,2741,TAI_400 @B73477,35099,C31936151854,6595,5430,21528,
20/10/2020 17:37:51.949,2790,TAI_400 @B73477,35105,921942152454,6546,5442,21540,
20/10/2020 17:37:51.999,2840,TAI_400 @B73477,35111,BF1940152154,6591,5440,21537,
20/10/2020 17:37:52.048,2889,TAI_400 @B73477,35118,C31925151B54,6595,5413,21531,
20/10/2020 17:37:52.095,2936,TAI_400 @B73477,35124,AA194B152854,6570,5451,21544,
20/10/2020 17:37:52.143,2984,TAI_400 @B73477,35130,D71931152154,6615,5425,21537,
20/10/2020 17:37:52.193,3034,TAI_400 @B73477,35136,B9192B151654,6585,5419,21526,
20/10/2020 17:37:52.241,3082,TAI_400 @B73477,35143,BD1949152554,6589,5449,21541,
20/10/2020 17:37:52.290,3131,TAI_400 @B73477,35149,B9193F151B54,6585,5439,21531,
20/10/2020 17:37:52.339,3180,TAI_400 @B73477,35155,981939151B54,6552,5433,21531,
20/10/2020 17:37:52.388,3229,TAI_400 @B73477,35161,BA1952152B54,6586,5458,21547,
20/10/2020 17:37:52.436,3277,TAI_400 @B73477,35168,9B1934152754,6555,5428,21543,
20/10/2020 17:37:52.485,3326,TAI_400 @B73477,35174,BD1931152154,6589,5425,21537,
20/10/2020 17:37:52.585,3426,TAI_400 @B73477,35180,E4193A152454,6628,5434,21540,
20/10/2020 17:37:52.634,3475,TAI_400 @B73477,35186,B1193F151854,6577,5439,21528,
20/10/2020 17:37:52.680,3521,TAI_400 @B73477,35193,98194F152454,6552,5455,21540,
20/10/2020 17:37:52.729,3570,TAI_400 @B73477,35199,DA1937151C54,6618,5431,21532,
20/10/2020 17:37:52.778,3619,TAI_400 @B73477,35205,96193C151E54,6550,5436,21534,
20/10/2020 17:37:52.826,3667,TAI_400 @B73477,35211,A21946152154,6562,5446,21537,
20/10/2020 17:37:52.875,3716,TAI_400 @B73477,35218,E3192A152254,6627,5418,21538,
20/10/2020 17:37:52.924,3765,TAI_400 @B73477,35224,BD1936151954,6589,5430,21529,
20/10/2020 17:37:52.973,3814,TAI_400 @B73477,35230,BC194B152854,6588,5451,21544,
20/10/2020 17:37:53.021,3862,TAI_400 @B73477,35236,CF1925151C54,6607,5413,21532,
20/10/2020 17:37:53.070,3911,TAI_400 @B73477,35243,AA193F152454,6570,5439,21540,
20/10/2020 17:37:53.119,3960,TAI_400 @B73477,35249,BA1952152154,6586,5458,21537,
20/10/2020 17:37:53.168,4009,TAI_400 @B73477,35255,B31937151F54,6579,5431,21535,
20/10/2020 17:37:53.217,4058,TAI_400 @B73477,35261,C01933152154,6592,5427,21537,
20/10/2020 17:37:53.265,4106,TAI_400 @B73477,35268,E91942151E54,6633,5442,21534,
20/10/2020 17:37:53.316,4157,TAI_400 @B73477,35274,9E1930151E54,6558,5424,21534,
20/10/2020 17:37:53.365,4206,TAI_400 @B73477,35280,D71939152A54,6615,5433,21546,
20/10/2020 17:37:53.411,4252,TAI_400 @B73477,35286,D41933151854,6612,5427,21528,
20/10/2020 17:37:53.460,4301,TAI_400 @B73477,35293,95193A152254,6549,5434,21538,
20/10/2020 17:37:53.509,4350,TAI_400 @B73477,35299,C31945151E54,6595,5445,21534,
20/10/2020 17:37:53.558,4399,TAI_400 @B73477,35305,E0191F151F54,6624,5407,21535,
20/10/2020 17:37:53.607,4448,TAI_400 @B73477,35311,92193F152854,6546,5439,21544,
20/10/2020 17:37:53.655,4496,TAI_400 @B73477,35318,DB1942152754,6619,5442,21543,
20/10/2020 17:37:53.753,4594,TAI_400 @B73477,35324,CF1930151F54,6607,5424,21535,
20/10/2020 17:37:53.801,4642,TAI_400 @B73477,35330,AE1945151F54,6574,5445,21535,
20/10/2020 17:37:53.850,4691,TAI_400 @B73477,35336,AE1946152154,6574,5446,21537,
20/10/2020 17:37:53.899,4740,TAI_400 @B73477,35343,AD1925151B54,6573,5413,21531,
20/10/2020 17:37:53.948,4789,TAI_400 @B73477,35349,AE1958152754,6574,5464,21543,
20/10/2020 17:37:53.996,4837,TAI_400 @B73477,35355,C81939152254,6600,5433,21538,
20/10/2020 17:37:54.044,4885,TAI_400 @B73477,35361,B3192A151B54,6579,5418,21531,
20/10/2020 17:37:54.094,4935,TAI_400 @B73477,35368,CB193D151B54,6603,5437,21531,
20/10/2020 17:37:54.143,4984,TAI_400 @B73477,35374,C31942152554,6595,5442,21541,
20/10/2020 17:37:54.191,5032,TAI_400 @B73477,35380,811930151B54,6529,5424,21531,
20/10/2020 17:37:54.240,5081,TAI_400 @B73477,35386,D8194B152754,6616,5451,21543,
20/10/2020 17:37:54.288,5129,TAI_400 @B73477,35393,9E193C151C54,6558,5436,21532,
20/10/2020 17:37:54.338,5179,TAI_400 @B73477,35399,9E193D152154,6558,5437,21537,
20/10/2020 17:37:54.385,5227,TAI_400 @B73477,35405,D81931151854,6616,5425,21528,
20/10/2020 17:37:54.435,5276,TAI_400 @B73477,35411,C31933151554,6595,5427,21525,
20/10/2020 17:37:54.484,5325,TAI_400 @B73477,35418,B71937152554,6583,5431,21541,
20/10/2020 17:37:54.532,5373,TAI_400 @B73477,35424,EC192B151F54,6636,5419,21535,
20/10/2020 17:37:54.582,5423,TAI_400 @B73477,35430,B41936151654,6580,5430,21526,
20/10/2020 17:37:54.631,5472,TAI_400 @B73477,35436,9C1951151B54,6556,5457,21531,
20/10/2020 17:37:54.679,5520,TAI_400 @B73477,35443,B61937152454,6582,5431,21540,
20/10/2020 17:37:54.727,5568,TAI_400 @B73477,35449,BD1928151354,6589,5416,21523,
20/10/2020 17:37:54.777,5618,TAI_400 @B73477,35455,BF1945152554,6591,5445,21541,
20/10/2020 17:37:54.873,5714,TAI_400 @B73477,35461,BF1924152254,6591,5412,21538,
20/10/2020 17:37:54.922,5763,TAI_400 @B73477,35468,BA1933151554,6586,5427,21525,
20/10/2020 17:37:54.971,5812,TAI_400 @B73477,35474,CC1943151654,6604,5443,21526,
20/10/2020 17:37:55.020,5861,TAI_400 @B73477,35480,9F193A151F54,6559,5434,21535,
20/10/2020 17:37:55.069,5910,TAI_400 @B73477,35486,A1193D152154,6561,5437,21537,
20/10/2020 17:37:55.117,5958,TAI_400 @B73477,35493,C31949152154,6595,5449,21537,
20/10/2020 17:37:55.167,6008,TAI_400 @B73477,35499,871936151354,6535,5430,21523,
20/10/2020 17:37:55.215,6056,TAI_400 @B73477,35505,C2193D152554,6594,5437,21541,
20/10/2020 17:37:55.266,6107,TAI_400 @B73477,35511,E61931151854,6630,5425,21528,
20/10/2020 17:37:55.313,6154,TAI_400 @B73477,35518,AB1940151E54,6571,5440,21534,
20/10/2020 17:37:55.361,6202,TAI_400 @B73477,35524,AD1949152254,6573,5449,21538,
20/10/2020 17:37:55.409,6250,TAI_400 @B73477,35530,C2193A152154,6594,5434,21537,
20/10/2020 17:37:55.459,6300,TAI_400 @B73477,35536,8A1949151954,6538,5449,21529,
20/10/2020 17:37:55.508,6349,TAI_400 @B73477,35543,B91945152254,6585,5445,21538,
20/10/2020 17:37:55.557,6398,TAI_400 @B73477,35549,C21928151854,6594,5416,21528,
20/10/2020 17:37:55.606,6447,TAI_400 @B73477,35555,C91939151654,6601,5433,21526,
20/10/2020 17:37:55.654,6495,TAI_400 @B73477,35561,C01946152154,6592,5446,21537,
20/10/2020 17:37:55.703,6544,TAI_400 @B73477,35568,BF1925151954,6591,5413,21529,
20/10/2020 17:37:55.751,6592,TAI_400 @B73477,35574,BF1943151954,6591,5443,21529,
20/10/2020 17:37:55.801,6642,TAI_400 @B73477,35580,C5194B151E54,6597,5451,21534,
20/10/2020 17:37:55.851,6692,TAI_400 @B73477,35586,99193F151E54,6553,5439,21534,
20/10/2020 17:37:55.899,6740,TAI_400 @B73477,35593,C5193F152554,6597,5439,21541,
20/10/2020 17:37:55.946,6787,TAI_400 @B73477,35599,E4192E151B54,6628,5422,21531,
20/10/2020 17:37:56.043,6884,TAI_400 @B73477,35605,9E1936151954,6558,5430,21529,
20/10/2020 17:37:56.093,6934,TAI_400 @B73477,35611,E9193A152254,6633,5434,21538,
20/10/2020 17:37:56.141,6982,TAI_400 @B73477,35618,BD1928151354,6589,5416,21523,
20/10/2020 17:37:56.191,7032,TAI_400 @B73477,35624,9C1948151F54,6556,5448,21535,
20/10/2020 17:37:56.239,7080,TAI_400 @B73477,35630,BA193D152154,6586,5437,21537,
20/10/2020 17:37:56.287,7128,TAI_400 @B73477,35636,AA1934151E54,6570,5428,21534,
20/10/2020 17:37:56.336,7177,TAI_400 @B73477,35643,9F1952152454,6559,5458,21540,
20/10/2020 17:37:56.385,7227,TAI_400 @B73477,35649,D51937152154,6613,5431,21537,
20/10/2020 17:37:56.435,7276,TAI_400 @B73477,35655,C9192E151354,6601,5422,21523,
20/10/2020 17:37:56.484,7325,TAI_400 @B73477,35661,C91951151854,6601,5457,21528,
20/10/2020 17:37:56.531,7372,TAI_400 @B73477,35668,A71940152454,6567,5440,21540,
20/10/2020 17:37:56.580,7421,TAI_400 @B73477,35674,B61933151654,6582,5427,21526,
20/10/2020 17:37:56.629,7470,TAI_400 @B73477,35680,B91948152554,6585,5448,21541,
20/10/2020 17:37:56.677,7518,TAI_400 @B73477,35686,B11931151F54,6577,5425,21535,
20/10/2020 17:37:56.726,7567,TAI_400 @B73477,35693,B01936152254,6576,5430,21538,
20/10/2020 17:37:56.775,7616,TAI_400 @B73477,35699,DE1937151B54,6622,5431,21531,
20/10/2020 17:37:56.823,7664,TAI_400 @B73477,35705,B01939151C54,6576,5433,21532,
20/10/2020 17:37:56.873,7714,TAI_400 @B73477,35711,C81936151E54,6600,5430,21534,
20/10/2020 17:37:56.921,7762,TAI_400 @B73477,35718,DD193C151E54,6621,5436,21534,
20/10/2020 17:37:56.970,7811,TAI_400 @B73477,35724,8F1937151954,6543,5431,21529,
20/10/2020 17:37:57.019,7860,TAI_400 @B73477,35730,AD1943152554,6573,5443,21541,
20/10/2020 17:37:57.067,7908,TAI_400 @B73477,35736,D8192D151B54,6616,5421,21531,
20/10/2020 17:37:57.165,8006,TAI_400 @B73477,35743,B41933151954,6580,5427,21529,
20/10/2020 17:37:57.215,8056,TAI_400 @B73477,35749,C81937152254,6600,5431,21538,
20/10/2020 17:37:57.263,8104,TAI_400 @B73477,35755,D71934151B54,6615,5428,21531,
20/10/2020 17:37:57.311,8152,TAI_400 @B73477,35761,A41943151B54,6564,5443,21531,
20/10/2020 17:37:57.360,8201,TAI_400 @B73477,35768,B1194B152854,6577,5451,21544,
20/10/2020 17:37:57.409,8250,TAI_400 @B73477,35774,AB192D151E54,6571,5421,21534,
20/10/2020 17:37:57.457,8298,TAI_400 @B73477,35780,C5193A152254,6597,5434,21538,
20/10/2020 17:37:57.507,8348,TAI_400 @B73477,35786,BC1937152554,6588,5431,21541,
20/10/2020 17:37:57.555,8396,TAI_400 @B73477,35793,B4192D151254,6580,5421,21522,
20/10/2020 17:37:57.604,8445,TAI_400 @B73477,35799,C61937152754,6598,5431,21543,
20/10/2020 17:37:57.652,8493,TAI_400 @B73477,35805,CC193A151F54,6604,5434,21535,
20/10/2020 17:37:57.702,8543,TAI_400 @B73477,35811,8D193C151854,6541,5436,21528,
20/10/2020 17:37:57.751,8592,TAI_400 @B73477,35818,B11942152154,6577,5442,21537,
20/10/2020 17:37:57.800,8641,TAI_400 @B73477,35824,AE1942152454,6574,5442,21540,
20/10/2020 17:37:57.849,8690,TAI_400 @B73477,35830,92193A152154,6546,5434,21537,
20/10/2020 17:37:57.898,8739,TAI_400 @B73477,35836,DB193C152254,6619,5436,21538,
20/10/2020 17:37:57.945,8786,TAI_400 @B73477,35843,CE1928151854,6606,5416,21528,
20/10/2020 17:37:57.994,8835,TAI_400 @B73477,35849,AB1945151F54,6571,5445,21535,
20/10/2020 17:37:58.043,8884,TAI_400 @B73477,35855,B61949152154,6582,5449,21537,
20/10/2020 17:37:58.091,8932,TAI_400 @B73477,35861,BA1931151854,6586,5425,21528,
20/10/2020 17:37:58.140,8981,TAI_400 @B73477,35868,A11949152454,6561,5449,21540,
20/10/2020 17:37:58.188,9029,TAI_400 @B73477,35874,B9193A152A54,6585,5434,21546,
20/10/2020 17:37:58.238,9079,TAI_400 @B73477,35880,A81937151954,6568,5431,21529,
20/10/2020 17:37:58.335,9176,TAI_400 @B73477,35886,DB1945151E54,6619,5445,21534,
20/10/2020 17:37:58.384,9225,TAI_400 @B73477,35893,C81939151C54,6600,5433,21532,
20/10/2020 17:37:58.434,9275,TAI_400 @B73477,35899,B3192B151954,6579,5419,21529,
20/10/2020 17:37:58.483,9324,TAI_400 @B73477,35905,CE1940152454,6606,5440,21540,
20/10/2020 17:37:58.531,9372,TAI_400 @B73477,35911,AD193C151E54,6573,5436,21534,
20/10/2020 17:37:58.580,9421,TAI_400 @B73477,35918,9C1943152454,6556,5443,21540,
20/10/2020 17:37:58.628,9469,TAI_400 @B73477,35924,E01937152A54,6624,5431,21546,
20/10/2020 17:37:58.677,9518,TAI_400 @B73477,35930,CC192E151B54,6604,5422,21531,
20/10/2020 17:37:58.725,9566,TAI_400 @B73477,35936,AE193A152154,6574,5434,21537,
20/10/2020 17:37:58.774,9615,TAI_400 @B73477,35943,EF192A151E54,6639,5418,21534,
20/10/2020 17:37:58.823,9664,TAI_400 @B73477,35949,AA1939151C54,6570,5433,21532,
20/10/2020 17:37:58.871,9712,TAI_400 @B73477,35955,A51954152454,6565,5460,21540,
20/10/2020 17:37:58.920,9761,TAI_400 @B73477,35961,CB192B151C54,6603,5419,21532,
20/10/2020 17:37:58.969,9810,TAI_400 @B73477,35968,B91927151F54,6585,5415,21535,
20/10/2020 17:37:59.018,9859,TAI_400 @B73477,35974,B7194C152254,6583,5452,21538,
20/10/2020 17:37:59.067,9908,TAI_400 @B73477,35980,C61933151E54,6598,5427,21534,
20/10/2020 17:37:59.115,9956,TAI_400 @B73477,35986,BF1936151C54,6591,5430,21532,
20/10/2020 17:37:59.164,10005,TAI_400 @B73477,35993,C91943152754,6601,5443,21543,
20/10/2020 17:37:59.213,10054,TAI_400 @B73477,35999,981936152154,6552,5430,21537,
20/10/2020 17:37:59.262,10103,TAI_400 @B73477,36005,BA1945151954,6586,5445,21529,
20/10/2020 17:37:59.310,10151,TAI_400 @B73477,36011,C61949152254,6598,5449,21538,
20/10/2020 17:37:59.359,10200,TAI_400 @B73477,36018,9F1934152454,6559,5428,21540,
20/10/2020 17:37:59.456,10297,TAI_400 @B73477,36024,C0193D151E54,6592,5437,21534,
20/10/2020 17:37:59.506,10347,TAI_400 @B73477,36030,E71933151B54,6631,5427,21531,
20/10/2020 17:37:59.554,10395,TAI_400 @B73477,36036,98193A151554,6552,5434,21525,
20/10/2020 17:37:59.603,10444,TAI_400 @B73477,36043,9B193C151E54,6555,5436,21534,
20/10/2020 17:37:59.652,10493,TAI_400 @B73477,36049,D5193A151954,6613,5434,21529,
20/10/2020 17:37:59.700,10541,TAI_400 @B73477,36055,951945151954,6549,5445,21529,
20/10/2020 17:37:59.749,10590,TAI_400 @B73477,36061,C31940152B54,6595,5440,21547,
20/10/2020 17:37:59.799,10640,TAI_400 @B73477,36068,C8192B151B54,6600,5419,21531,
20/10/2020 17:37:59.848,10689,TAI_400 @B73477,36074,B3193A152254,6579,5434,21538,
20/10/2020 17:37:59.896,10737,TAI_400 @B73477,36080,D8193A151E54,6616,5434,21534,
20/10/2020 17:37:59.944,10785,TAI_400 @B73477,36086,C81928151054,6600,5416,21520,
20/10/2020 17:37:59.993,10834,TAI_400 @B73477,36093,BF1945151E54,6591,5445,21534,
20/10/2020 17:38:00.042,10883,TAI_400 @B73477,36099,B41945152254,6580,5445,21538,
20/10/2020 17:38:00.090,10931,TAI_400 @B73477,36105,96192E151E54,6550,5422,21534,
20/10/2020 17:38:00.139,10980,TAI_400 @B73477,36111,D7193C151E54,6615,5436,21534,
20/10/2020 17:38:00.188,11029,TAI_400 @B73477,36118,B41931152454,6580,5425,21540,
20/10/2020 17:38:00.237,11078,TAI_400 @B73477,36124,A81931151C54,6568,5425,21532,
20/10/2020 17:38:00.285,11126,TAI_400 @B73477,36130,D21936151E54,6610,5430,21534,
20/10/2020 17:38:00.335,11176,TAI_400 @B73477,36136,BD1930151654,6589,5424,21526,
20/10/2020 17:38:00.383,11224,TAI_400 @B73477,36143,931942152254,6547,5442,21538,
20/10/2020 17:38:00.431,11272,TAI_400 @B73477,36149,C21942152154,6594,5442,21537,
20/10/2020 17:38:00.480,11321,TAI_400 @B73477,36155,9B193A151B54,6555,5434,21531,
20/10/2020 17:38:00.529,11370,TAI_400 @B73477,36161,8A1943152154,6538,5443,21537,
20/10/2020 17:38:00.628,11469,TAI_400 @B73477,36168,DB1937151C54,6619,5431,21532,
20/10/2020 17:38:00.675,11516,TAI_400 @B73477,36174,BD1933151554,6589,5427,21525,
20/10/2020 17:38:00.724,11565,TAI_400 @B73477,36180,BA1949151B54,6586,5449,21531,
20/10/2020 17:38:00.773,11614,TAI_400 @B73477,36186,BF1940152254,6591,5440,21538,
20/10/2020 17:38:00.821,11662,TAI_400 @B73477,36193,A71934151954,6567,5428,21529,
20/10/2020 17:38:00.870,11711,TAI_400 @B73477,36199,AD194E151E54,6573,5454,21534,
20/10/2020 17:38:00.919,11760,TAI_400 @B73477,36205,AA1934151C54,6570,5428,21532,
20/10/2020 17:38:00.968,11809,TAI_400 @B73477,36211,B41934151854,6580,5428,21528,
20/10/2020 17:38:01.017,11858,TAI_400 @B73477,36218,EF193F151854,6639,5439,21528,
20/10/2020 17:38:01.066,11907,TAI_400 @B73477,36224,A7193D152454,6567,5437,21540,
20/10/2020 17:38:01.115,11956,TAI_400 @B73477,36230,BD1939151B54,6589,5433,21531,
20/10/2020 17:38:01.165,12006,TAI_400 @B73477,36236,D71946152454,6615,5446,21540,
20/10/2020 17:38:01.212,12053,TAI_400 @B73477,36243,9B193F151C54,6555,5439,21532,
20/10/2020 17:38:01.260,12101,TAI_400 @B73477,36249,B7193C152854,6583,5436,21544,
20/10/2020 17:38:01.308,12149,TAI_400 @B73477,36255,EC192B151E54,6636,5419,21534,
20/10/2020 17:38:01.358,12199,TAI_400 @B73477,36261,B91937151F54,6585,5431,21535,
20/10/2020 17:38:01.406,12248,TAI_400 @B73477,36268,D4193D152854,6612,5437,21544,
20/10/2020 17:38:01.455,12296,TAI_400 @B73477,36274,E61933152154,6630,5427,21537,
20/10/2020 17:38:01.504,12345,TAI_400 @B73477,36280,9E193D151F54,6558,5437,21535,
20/10/2020 17:38:01.553,12394,TAI_400 @B73477,36286,B41948152454,6580,5448,21540,
20/10/2020 17:38:01.602,12443,TAI_400 @B73477,36293,B11921152154,6577,5409,21537,
20/10/2020 17:38:01.650,12491,TAI_400 @B73477,36299,BA1939151E54,6586,5433,21534,
20/10/2020 17:38:01.748,12589,TAI_400 @B73477,36305,CB193C151E54,6603,5436,21534,
20/10/2020 17:38:01.797,12638,TAI_400 @B73477,36311,C3192E151554,6595,5422,21525,
20/10/2020 17:38:01.845,12686,TAI_400 @B73477,36318,CE193F152454,6606,5439,21540,
20/10/2020 17:38:01.894,12735,TAI_400 @B73477,36324,BD1943151E54,6589,5443,21534,
20/10/2020 17:38:01.942,12783,TAI_400 @B73477,36330,891933152154,6537,5427,21537,
20/10/2020 17:38:01.992,12833,TAI_400 @B73477,36336,C8193D151F54,6600,5437,21535,
20/10/2020 17:38:02.040,12881,TAI_400 @B73477,36343,B11937152A54,6577,5431,21546,
20/10/2020 17:38:02.089,12930,TAI_400 @B73477,36349,A21933151E54,6562,5427,21534,
20/10/2020 17:38:02.137,12978,TAI_400 @B73477,36355,D21939151E54,6610,5433,21534,
20/10/2020 17:38:02.187,13028,TAI_400 @B73477,36361,CB1936151F54,6603,5430,21535,
20/10/2020 17:38:02.235,13076,TAI_400 @B73477,36368,981948152454,6552,5448,21540,
20/10/2020 17:38:02.284,13125,TAI_400 @B73477,36374,BF193F152254,6591,5439,21538,
20/10/2020 17:38:02.334,13175,TAI_400 @B73477,36380,96193F151954,6550,5439,21529,
20/10/2020 17:38:02.382,13223,TAI_400 @B73477,36386,921943152754,6546,5443,21543,
20/10/2020 17:38:02.432,13273,TAI_400 @B73477,36393,DA1933152454,6618,5427,21540,
20/10/2020 17:38:02.479,13320,TAI_400 @B73477,36399,C31927151554,6595,5415,21525,
20/10/2020 17:38:02.527,13368,TAI_400 @B73477,36405,BF1948152154,6591,5448,21537,
20/10/2020 17:38:02.576,13417,TAI_400 @B73477,36411,BD193F151F54,6589,5439,21535,
20/10/2020 17:38:02.626,13467,TAI_400 @B73477,36418,B11930151B54,6577,5424,21531,
20/10/2020 17:38:02.675,13516,TAI_400 @B73477,36424,BA194B152154,6586,5451,21537,
20/10/2020 17:38:02.723,13564,TAI_400 @B73477,36430,A71934151F54,6567,5428,21535,
20/10/2020 17:38:02.771,13612,TAI_400 @B73477,36436,9F1930152B54,6559,5424,21547,
20/10/2020 17:38:02.820,13661,TAI_400 @B73477,36443,EF1942151C54,6639,5442,21532,
20/10/2020 17:38:02.920,13761,TAI_400 @B73477,36449,BC1931152754,6588,5425,21543,
20/10/2020 17:38:02.967,13808,TAI_400 @B73477,36455,C21937151B54,6594,5431,21531,
20/10/2020 17:38:03.016,13857,TAI_400 @B73477,36461,DE193A151854,6622,5434,21528,
20/10/2020 17:38:03.064,13905,TAI_400 @B73477,36468,A8193F151954,6568,5439,21529,
20/10/2020 17:38:03.113,13954,TAI_400 @B73477,36474,A5194C151E54,6565,5452,21534,
20/10/2020 17:38:03.162,14003,TAI_400 @B73477,36480,E01934151F54,6624,5428,21535,
20/10/2020 17:38:03.210,14051,TAI_400 @B73477,36486,86193C151E54,6534,5436,21534,
20/10/2020 17:38:03.259,14100,TAI_400 @B73477,36493,AE194B152854,6574,5451,21544,
20/10/2020 17:38:03.308,14149,TAI_400 @B73477,36499,D41928152754,6612,5416,21543,
20/10/2020 17:38:03.356,14197,TAI_400 @B73477,36505,C01934151B54,6592,5428,21531,
20/10/2020 17:38:03.405,14246,TAI_400 @B73477,36511,C6194B152854,6598,5451,21544,
20/10/2020 17:38:03.454,14295,TAI_400 @B73477,36518,A71939152154,6567,5433,21537,
20/10/2020 17:38:03.502,14343,TAI_400 @B73477,36524,A71943152454,6567,5443,21540,
20/10/2020 17:38:03.552,14393,TAI_400 @B73477,36530,C51943152254,6597,5443,21538,
20/10/2020 17:38:03.601,14442,TAI_400 @B73477,36536,A71934151C54,6567,5428,21532,
20/10/2020 17:38:03.649,14491,TAI_400 @B73477,36543,D21939152454,6610,5433,21540,
20/10/2020 17:38:03.699,14540,TAI_400 @B73477,36549,D71946151B54,6615,5446,21531,
20/10/2020 17:38:03.747,14588,TAI_400 @B73477,36555,89193A151C54,6537,5434,21532,
20/10/2020 17:38:03.796,14637,TAI_400 @B73477,36561,DA1945152554,6618,5445,21541,
20/10/2020 17:38:03.844,14685,TAI_400 @B73477,36568,C8193C152454,6600,5436,21540,
20/10/2020 17:38:03.893,14734,TAI_400 @B73477,36574,961945152154,6550,5445,21537,
20/10/2020 17:38:03.942,14783,TAI_400 @B73477,36580,C5193F152454,6597,5439,21540,
20/10/2020 17:38:03.991,14832,TAI_400 @B73477,36586,DA192D151E54,6618,5421,21534,
20/10/2020 17:38:04.087,14928,TAI_400 @B73477,36593,B31942151C54,6579,5442,21532,
20/10/2020 17:38:04.136,14978,TAI_400 @B73477,36599,ED1931152254,6637,5425,21538,
20/10/2020 17:38:04.186,15027,TAI_400 @B73477,36605,C8192A151654,6600,5418,21526,
20/10/2020 17:38:04.234,15075,TAI_400 @B73477,36611,A2194C152A54,6562,5452,21546,
20/10/2020 17:38:04.283,15124,TAI_400 @B73477,36618,BD1948152554,6589,5448,21541,
20/10/2020 17:38:04.332,15173,TAI_400 @B73477,36624,B31931151B54,6579,5425,21531,
20/10/2020 17:38:04.382,15223,TAI_400 @B73477,36630,C91936152254,6601,5430,21538,
20/10/2020 17:38:04.429,15270,TAI_400 @B73477,36636,CB192A151F54,6603,5418,21535,
20/10/2020 17:38:04.477,15318,TAI_400 @B73477,36643,B7192A151F54,6583,5418,21535,
20/10/2020 17:38:04.526,15367,TAI_400 @B73477,36649,DB1940152154,6619,5440,21537,
20/10/2020 17:38:04.575,15416,TAI_400 @B73477,36655,BA193C152554,6586,5436,21541,
20/10/2020 17:38:04.624,15465,TAI_400 @B73477,36661,8C1937151E54,6540,5431,21534,
20/10/2020 17:38:04.673,15514,TAI_400 @B73477,36668,DB1934152A54,6619,5428,21546,
20/10/2020 17:38:04.722,15563,TAI_400 @B73477,36674,9E1940151C54,6558,5440,21532,
20/10/2020 17:38:04.770,15611,TAI_400 @B73477,36680,A21942152154,6562,5442,21537,
20/10/2020 17:38:04.819,15660,TAI_400 @B73477,36686,E31930151654,6627,5424,21526,
20/10/2020 17:38:04.868,15709,TAI_400 @B73477,36693,B11937151B54,6577,5431,21531,
20/10/2020 17:38:04.916,15757,TAI_400 @B73477,36699,A71946152154,6567,5446,21537,
20/10/2020 17:38:04.965,15806,TAI_400 @B73477,36705,CE1936151E54,6606,5430,21534,
20/10/2020 17:38:05.014,15855,TAI_400 @B73477,36711,90193C151C54,6544,5436,21532,
20/10/2020 17:38:05.062,15903,TAI_400 @B73477,36718,AB1945152254,6571,5445,21538,
20/10/2020 17:38:05.111,15952,TAI_400 @B73477,36724,DA192E152254,6618,5422,21538,
20/10/2020 17:38:05.209,16050,TAI_400 @B73477,36730,BF1931151254,6591,5425,21522,
20/10/2020 17:38:05.258,16099,TAI_400 @B73477,36736,C6194C151F54,6598,5452,21535,
20/10/2020 17:38:05.307,16148,TAI_400 @B73477,36743,C9192A151F54,6601,5418,21535,
20/10/2020 17:38:05.355,16196,TAI_400 @B73477,36749,B31943152154,6579,5443,21537,
20/10/2020 17:38:05.404,16245,TAI_400 @B73477,36755,C0194C152754,6592,5452,21543,
20/10/2020 17:38:05.453,16294,TAI_400 @B73477,36761,AA1934151B54,6570,5428,21531,
20/10/2020 17:38:05.502,16343,TAI_400 @B73477,36768,C81934151F54,6600,5428,21535,
20/10/2020 17:38:05.551,16392,TAI_400 @B73477,36774,E6193A151F54,6630,5434,21535,
20/10/2020 17:38:05.601,16442,TAI_400 @B73477,36780,BC192B152254,6588,5419,21538,
20/10/2020 17:38:05.650,16491,TAI_400 @B73477,36786,D51945151F54,6613,5445,21535,
20/10/2020 17:38:05.697,16538,TAI_400 @B73477,36793,C51948152754,6597,5448,21543,
20/10/2020 17:38:05.745,16586,TAI_400 @B73477,36799,93193F152154,6547,5439,21537,
20/10/2020 17:38:05.794,16635,TAI_400 @B73477,36805,C61942152754,6598,5442,21543,
20/10/2020 17:38:05.843,16684,TAI_400 @B73477,36811,D21927151E54,6610,5415,21534,
20/10/2020 17:38:05.892,16733,TAI_400 @B73477,36818,93194C152A54,6547,5452,21546,
20/10/2020 17:38:05.940,16781,TAI_400 @B73477,36824,E4193A152854,6628,5434,21544,
20/10/2020 17:38:05.989,16830,TAI_400 @B73477,36830,C6192B151954,6598,5419,21529,
20/10/2020 17:38:06.038,16879,TAI_400 @B73477,36836,AB1943151F54,6571,5443,21535,
20/10/2020 17:38:06.086,16927,TAI_400 @B73477,36843,C81943152254,6600,5443,21538,
20/10/2020 17:38:06.136,16977,TAI_400 @B73477,36849,B9192D151B54,6585,5421,21531,
20/10/2020 17:38:06.185,17026,TAI_400 @B73477,36855,B3194F152754,6579,5455,21543,
20/10/2020 17:38:06.235,17076,TAI_400 @B73477,36861,C01933152554,6592,5427,21541,
20/10/2020 17:38:06.332,17173,TAI_400 @B73477,36868,B61934151C54,6582,5428,21532,
20/10/2020 17:38:06.380,17221,TAI_400 @B73477,36874,E1193C152754,6625,5436,21543,
20/10/2020 17:38:06.429,17270,TAI_400 @B73477,36880,B71939151F54,6583,5433,21535,
20/10/2020 17:38:06.476,17317,TAI_400 @B73477,36886,87193D152454,6535,5437,21540,
20/10/2020 17:38:06.525,17366,TAI_400 @B73477,36893,CB194B151F54,6603,5451,21535,
20/10/2020 17:38:06.574,17415,TAI_400 @B73477,36899,9F193C151F54,6559,5436,21535,
20/10/2020 17:38:06.623,17464,TAI_400 @B73477,36905,A21942151E54,6562,5442,21534,
20/10/2020 17:38:06.672,17513,TAI_400 @B73477,36911,DA1936152854,6618,5430,21544,
20/10/2020 17:38:06.720,17561,TAI_400 @B73477,36918,B61936151C54,6582,5430,21532,
20/10/2020 17:38:06.769,17610,TAI_400 @B73477,36924,AB194E151F54,6571,5454,21535,
20/10/2020 17:38:06.818,17659,TAI_400 @B73477,36930,E3192A151F54,6627,5418,21535,
20/10/2020 17:38:06.868,17709,TAI_400 @B73477,36936,AA193F151C54,6570,5439,21532,
20/10/2020 17:38:06.916,17757,TAI_400 @B73477,36943,A71952152254,6567,5458,21538,
20/10/2020 17:38:06.964,17805,TAI_400 @B73477,36949,C3192B152554,6595,5419,21541,
20/10/2020 17:38:07.013,17854,TAI_400 @B73477,36955,B7192B151E54,6583,5419,21534,
20/10/2020 17:38:07.061,17902,TAI_400 @B73477,36961,D81942152554,6616,5442,21541,
20/10/2020 17:38:07.110,17951,TAI_400 @B73477,36968,BD192B152554,6589,5419,21541,
20/10/2020 17:38:07.159,18000,TAI_400 @B73477,36974,C31939151C54,6595,5433,21532,
20/10/2020 17:38:07.208,18049,TAI_400 @B73477,36980,DB1942152454,6619,5442,21540,
20/10/2020 17:38:07.256,18097,TAI_400 @B73477,36986,8D193C152154,6541,5436,21537,
20/10/2020 17:38:07.305,18146,TAI_400 @B73477,36993,A5193F152454,6565,5439,21540,
20/10/2020 17:38:07.354,18195,TAI_400 @B73477,36999,E91934152154,6633,5428,21537,
20/10/2020 17:38:07.403,18244,TAI_400 @B73477,37005,96193D152254,6550,5437,21538,
20/10/2020 17:38:07.502,18343,TAI_400 @B73477,37011,CC1937151F54,6604,5431,21535,
20/10/2020 17:38:07.550,18391,TAI_400 @B73477,37018,E1192D152154,6625,5421,21537,
20/10/2020 17:38:07.598,18439,TAI_400 @B73477,37024,9C193C151854,6556,5436,21528,
20/10/2020 17:38:07.647,18488,TAI_400 @B73477,37030,B4194E151854,6580,5454,21528,
20/10/2020 17:38:07.695,18536,TAI_400 @B73477,37036,C21934152554,6594,5428,21541,
20/10/2020 17:38:07.744,18585,TAI_400 @B73477,37043,98194F152454,6552,5455,21540,
20/10/2020 17:38:07.792,18633,TAI_400 @B73477,37049,C61943152754,6598,5443,21543,
20/10/2020 17:38:07.842,18683,TAI_400 @B73477,37055,C81928151F54,6600,5416,21535,
20/10/2020 17:38:07.890,18731,TAI_400 @B73477,37061,C3193D151F54,6595,5437,21535,
20/10/2020 17:38:07.939,18780,TAI_400 @B73477,37068,C81946152A54,6600,5446,21546,
20/10/2020 17:38:07.988,18829,TAI_400 @B73477,37074,931933151B54,6547,5427,21531,
20/10/2020 17:38:08.037,18878,TAI_400 @B73477,37080,BA1946151F54,6586,5446,21535,
20/10/2020 17:38:08.085,18926,TAI_400 @B73477,37086,B7193D152754,6583,5437,21543,
20/10/2020 17:38:08.134,18975,TAI_400 @B73477,37093,961936151F54,6550,5430,21535,
20/10/2020 17:38:08.183,19024,TAI_400 @B73477,37099,E4193D152454,6628,5437,21540,
20/10/2020 17:38:08.233,19074,TAI_400 @B73477,37105,DB1937152154,6619,5431,21537,
20/10/2020 17:38:08.280,19121,TAI_400 @B73477,37111,B41936152254,6580,5430,21538,
20/10/2020 17:38:08.329,19170,TAI_400 @B73477,37118,DE193F151B54,6622,5439,21531,
20/10/2020 17:38:08.378,19219,TAI_400 @B73477,37124,B7193A151854,6583,5434,21528,
20/10/2020 17:38:08.426,19267,TAI_400 @B73477,37130,9B1954152254,6555,5460,21538,
20/10/2020 17:38:08.476,19317,TAI_400 @B73477,37136,CE1942152454,6606,5442,21540,
20/10/2020 17:38:08.524,19365,TAI_400 @B73477,37143,C31925151C54,6595,5413,21532,
20/10/2020 17:38:08.573,19414,TAI_400 @B73477,37149,991951152254,6553,5457,21538,
20/10/2020 17:38:08.672,19513,TAI_400 @B73477,37155,C91931152454,6601,5425,21540,
20/10/2020 17:38:08.721,19562,TAI_400 @B73477,37161,C3192D151E54,6595,5421,21534,
20/10/2020 17:38:08.768,19609,TAI_400 @B73477,37168,C6194B152454,6598,5451,21540,
20/10/2020 17:38:08.818,19659,TAI_400 @B73477,37174,AD193C152154,6573,5436,21537,
20/10/2020 17:38:08.866,19707,TAI_400 @B73477,37180,9F1936152454,6559,5430,21540,
20/10/2020 17:38:08.914,19755,TAI_400 @B73477,37186,CF1949152454,6607,5449,21540,
20/10/2020 17:38:08.963,19804,TAI_400 @B73477,37193,A81939152154,6568,5433,21537,
20/10/2020 17:38:09.012,19853,TAI_400 @B73477,37199,AE193A151F54,6574,5434,21535,
20/10/2020 17:38:09.060,19901,TAI_400 @B73477,37205,F91940152454,6649,5440,21540,
20/10/2020 17:38:09.109,19950,TAI_400 @B73477,37211,B7193A152254,6583,5434,21538,
20/10/2020 17:38:09.158,19999,TAI_400 @B73477,37218,99194E152554,6553,5454,21541,
20/10/2020 17:38:09.206,20047,TAI_400 @B73477,37224,CF193D152254,6607,5437,21538,
20/10/2020 17:38:09.255,20096,TAI_400 @B73477,37230,9F1946152554,6559,5446,21541,
20/10/2020 17:38:09.304,20145,TAI_400 @B73477,37236,B61949152254,6582,5449,21538,
20/10/2020 17:38:09.353,20194,TAI_400 @B73477,37243,D4192D152554,6612,5421,21541,
20/10/2020 17:38:09.401,20242,TAI_400 @B73477,37249,B71936151B54,6583,5430,21531,
20/10/2020 17:38:09.451,20292,TAI_400 @B73477,37255,C01952151F54,6592,5458,21535,
20/10/2020 17:38:09.499,20340,TAI_400 @B73477,37261,D21928151F54,6610,5416,21535,
20/10/2020 17:38:09.549,20390,TAI_400 @B73477,37268,BF1949152154,6591,5449,21537,
20/10/2020 17:38:09.596,20437,TAI_400 @B73477,37274,B6194B152B54,6582,5451,21547,
20/10/2020 17:38:09.645,20486,TAI_400 @B73477,37280,A81931151C54,6568,5425,21532,
20/10/2020 17:38:09.694,20535,TAI_400 @B73477,37286,BA1939152454,6586,5433,21540,
20/10/2020 17:38:09.791,20632,TAI_400 @B73477,37293,E3193A152554,6627,5434,21541,
20/10/2020 17:38:09.840,20681,TAI_400 @B73477,37299,AD1931151E54,6573,5425,21534,
20/10/2020 17:38:09.890,20731,TAI_400 @B73477,37305,CE1942152554,6606,5442,21541,
20/10/2020 17:38:09.938,20779,TAI_400 @B73477,37311,C61942151F54,6598,5442,21535,
20/10/2020 17:38:09.989,20830,TAI_400 @B73477,37318,861942152454,6534,5442,21540,
20/10/2020 17:38:10.035,20876,TAI_400 @B73477,37324,C51940152854,6597,5440,21544,
20/10/2020 17:38:10.084,20925,TAI_400 @B73477,37330,E91931151954,6633,5425,21529,
20/10/2020 17:38:10.134,20975,TAI_400 @B73477,37336,A21940152854,6562,5440,21544,
20/10/2020 17:38:10.184,21025,TAI_400 @B73477,37343,D8193D152754,6616,5437,21543,
20/10/2020 17:38:10.230,21071,TAI_400 @B73477,37349,C51930151B54,6597,5424,21531,
20/10/2020 17:38:10.281,21122,TAI_400 @B73477,37355,AA1949151F54,6570,5449,21535,
20/10/2020 17:38:10.328,21169,TAI_400 @B73477,37361,C51943151E54,6597,5443,21534,
20/10/2020 17:38:10.376,21217,TAI_400 @B73477,37368,B31933151B54,6579,5427,21531,
20/10/2020 17:38:10.426,21267,TAI_400 @B73477,37374,A7194E152A54,6567,5454,21546,
20/10/2020 17:38:10.474,21315,TAI_400 @B73477,37380,B91937152454,6585,5431,21540,
20/10/2020 17:38:10.523,21364,TAI_400 @B73477,37386,BD1933151B54,6589,5427,21531,
20/10/2020 17:38:10.571,21412,TAI_400 @B73477,37393,D11946152454,6609,5446,21540,
20/10/2020 17:38:10.621,21462,TAI_400 @B73477,37399,C61940152A54,6598,5440,21546,
20/10/2020 17:38:10.669,21510,TAI_400 @B73477,37405,B71936152154,6583,5430,21537,
20/10/2020 17:38:10.718,21559,TAI_400 @B73477,37411,CC1946151F54,6604,5446,21535,
20/10/2020 17:38:10.768,21609,TAI_400 @B73477,37418,A71942152754,6567,5442,21543,
20/10/2020 17:38:10.816,21657,TAI_400 @B73477,37424,A41942152154,6564,5442,21537,
20/10/2020 17:38:10.864,21705,TAI_400 @B73477,37430,F5193D152854,6645,5437,21544,
20/10/2020 17:38:10.962,21803,TAI_400 @B73477,37436,C91933151C54,6601,5427,21532,
20/10/2020 17:38:11.011,21852,TAI_400 @B73477,37443,D11946152A54,6609,5446,21546,
20/10/2020 17:38:11.059,21900,TAI_400 @B73477,37449,E61934151C54,6630,5428,21532,
20/10/2020 17:38:11.107,21948,TAI_400 @B73477,37455,AB193F151954,6571,5439,21529,
20/10/2020 17:38:11.156,21997,TAI_400 @B73477,37461,AE1952152A54,6574,5458,21546,
20/10/2020 17:38:11.205,22046,TAI_400 @B73477,37468,C9192D152554,6601,5421,21541,
20/10/2020 17:38:11.254,22095,TAI_400 @B73477,37474,BD192A151854,6589,5418,21528,
20/10/2020 17:38:11.302,22143,TAI_400 @B73477,37480,BA1949152854,6586,5449,21544,
20/10/2020 17:38:11.353,22194,TAI_400 @B73477,37486,D11924152254,6609,5412,21538,
20/10/2020 17:38:11.401,22242,TAI_400 @B73477,37493,CE1943151E54,6606,5443,21534,
20/10/2020 17:38:11.449,22290,TAI_400 @B73477,37499,C51946152454,6597,5446,21540,
20/10/2020 17:38:11.498,22339,TAI_400 @B73477,37505,9E193A152454,6558,5434,21540,
20/10/2020 17:38:11.547,22388,TAI_400 @B73477,37511,AE1937152554,6574,5431,21541,
20/10/2020 17:38:11.596,22437,TAI_400 @B73477,37518,C2193D152454,6594,5437,21540,
20/10/2020 17:38:11.645,22486,TAI_400 @B73477,37524,9E1931152154,6558,5425,21537,
20/10/2020 17:38:11.693,22534,TAI_400 @B73477,37530,C91940152454,6601,5440,21540,
20/10/2020 17:38:11.741,22582,TAI_400 @B73477,37536,E7193A152A54,6631,5434,21546,
20/10/2020 17:38:11.790,22631,TAI_400 @B73477,37543,95193D151B54,6549,5437,21531,
20/10/2020 17:38:11.839,22680,TAI_400 @B73477,37549,A2194C152854,6562,5452,21544,
20/10/2020 17:38:11.888,22729,TAI_400 @B73477,37555,BA1939152154,6586,5433,21537,
20/10/2020 17:38:11.937,22778,TAI_400 @B73477,37561,9E1946152754,6558,5446,21543,
20/10/2020 17:38:11.987,22828,TAI_400 @B73477,37568,CB1940152A54,6603,5440,21546,
20/10/2020 17:38:12.083,22924,TAI_400 @B73477,37574,CB192B152154,6603,5419,21537,
20/10/2020 17:38:12.132,22973,TAI_400 @B73477,37580,B91942152254,6585,5442,21538,
20/10/2020 17:38:12.182,23023,TAI_400 @B73477,37586,CB1948152754,6603,5448,21543,
20/10/2020 17:38:12.229,23070,TAI_400 @B73477,37593,CE1933152254,6606,5427,21538,
20/10/2020 17:38:12.278,23119,TAI_400 @B73477,37599,C6194E152254,6598,5454,21538,
20/10/2020 17:38:12.327,23168,TAI_400 @B73477,37605,AE193C152854,6574,5436,21544,
20/10/2020 17:38:12.375,23216,TAI_400 @B73477,37611,B6192B151F54,6582,5419,21535,
20/10/2020 17:38:12.424,23265,TAI_400 @B73477,37618,D5193D151F54,6613,5437,21535,
20/10/2020 17:38:12.473,23314,TAI_400 @B73477,37624,D11937151E54,6609,5431,21534,
20/10/2020 17:38:12.521,23362,TAI_400 @B73477,37630,B11930151F54,6577,5424,21535,
20/10/2020 17:38:12.570,23411,TAI_400 @B73477,37636,E41940152254,6628,5440,21538,
20/10/2020 17:38:12.619,23460,TAI_400 @B73477,37643,B41940151E54,6580,5440,21534,
20/10/2020 17:38:12.668,23509,TAI_400 @B73477,37649,931949152154,6547,5449,21537,
20/10/2020 17:38:12.718,23559,TAI_400 @B73477,37655,D51939151F54,6613,5433,21535,
20/10/2020 17:38:12.765,23606,TAI_400 @B73477,37661,C9192E151C54,6601,5422,21532,
20/10/2020 17:38:12.814,23655,TAI_400 @B73477,37668,B41949152754,6580,5449,21543,
20/10/2020 17:38:12.862,23703,TAI_400 @B73477,37674,DD192D151C54,6621,5421,21532,
20/10/2020 17:38:12.912,23753,TAI_400 @B73477,37680,BF1934151C54,6591,5428,21532,
20/10/2020 17:38:12.960,23801,TAI_400 @B73477,37686,B7194B151F54,6583,5451,21535,
20/10/2020 17:38:13.010,23851,TAI_400 @B73477,37693,BD193C152754,6589,5436,21543,
20/10/2020 17:38:13.058,23899,TAI_400 @B73477,37699,A71940152254,6567,5440,21538,
20/10/2020 17:38:13.107,23948,TAI_400 @B73477,37705,C01951152554,6592,5457,21541,
20/10/2020 17:38:13.155,23996,TAI_400 @B73477,37711,B3192E151954,6579,5422,21529,
20/10/2020 17:38:13.253,24094,TAI_400 @B73477,37718,CF1934151B54,6607,5428,21531,
20/10/2020 17:38:13.302,24143,TAI_400 @B73477,37724,DD1948152154,6621,5448,21537,
20/10/2020 17:38:13.350,24191,TAI_400 @B73477,37730,A71942152454,6567,5442,21540,
20/10/2020 17:38:13.400,24241,TAI_400 @B73477,37736,C8193F152254,6600,5439,21538,
20/10/2020 17:38:13.448,24289,TAI_400 @B73477,37743,D41942152254,6612,5442,21538,
20/10/2020 17:38:13.497,24338,TAI_400 @B73477,37749,931942151C54,6547,5442,21532,
20/10/2020 17:38:13.545,24386,TAI_400 @B73477,37755,AE193D152254,6574,5437,21538,
20/10/2020 17:38:13.594,24435,TAI_400 @B73477,37761,DB192E151F54,6619,5422,21535,
20/10/2020 17:38:13.643,24484,TAI_400 @B73477,37768,AD193A151954,6573,5434,21529,
20/10/2020 17:38:13.692,24533,TAI_400 @B73477,37774,E6193A152454,6630,5434,21540,
20/10/2020 17:38:13.740,24581,TAI_400 @B73477,37780,D1192E152454,6609,5422,21540,
20/10/2020 17:38:13.789,24630,TAI_400 @B73477,37786,A71946152154,6567,5446,21537,
20/10/2020 17:38:13.837,24679,TAI_400 @B73477,37793,BF1942152A54,6591,5442,21546,
20/10/2020 17:38:13.887,24728,TAI_400 @B73477,37799,B91933152554,6585,5427,21541,
20/10/2020 17:38:13.936,24777,TAI_400 @B73477,37805,C31936151E54,6595,5430,21534,
20/10/2020 17:38:13.984,24825,TAI_400 @B73477,37811,C5193F152554,6597,5439,21541,
20/10/2020 17:38:14.033,24874,TAI_400 @B73477,37818,B9192A152254,6585,5418,21538,
20/10/2020 17:38:14.082,24923,TAI_400 @B73477,37824,DD1942151954,6621,5442,21529,
20/10/2020 17:38:14.131,24972,TAI_400 @B73477,37830,BA1940152854,6586,5440,21544,
20/10/2020 17:38:14.179,25020,TAI_400 @B73477,37836,93193F151C54,6547,5439,21532,
20/10/2020 17:38:14.227,25068,TAI_400 @B73477,37843,CB1942152154,6603,5442,21537,
20/10/2020 17:38:14.276,25117,TAI_400 @B73477,37849,AB193A152454,6571,5434,21540,
20/10/2020 17:38:14.374,25215,TAI_400 @B73477,37855,AB193C151F54,6571,5436,21535,
20/10/2020 17:38:14.423,25264,TAI_400 @B73477,37861,EC193D152154,6636,5437,21537,
20/10/2020 17:38:14.472,25313,TAI_400 @B73477,37868,C01934151C54,6592,5428,21532,
20/10/2020 17:38:14.520,25361,TAI_400 @B73477,37874,96194C152154,6550,5452,21537,
20/10/2020 17:38:14.569,25410,TAI_400 @B73477,37880,C81942152154,6600,5442,21537,
20/10/2020 17:38:14.619,25460,TAI_400 @B73477,37886,99193D151654,6553,5437,21526,
20/10/2020 17:38:14.668,25509,TAI_400 @B73477,37893,9F1949152754,6559,5449,21543,
20/10/2020 17:38:14.715,25556,TAI_400 @B73477,37899,CB192D152454,6603,5421,21540,
20/10/2020 17:38:14.763,25604,TAI_400 @B73477,37905,C01931151954,6592,5425,21529,
20/10/2020 17:38:14.813,25654,TAI_400 @B73477,37911,BD1949152254,6589,5449,21538,
20/10/2020 17:38:14.861,25702,TAI_400 @B73477,37918,B3193F151F54,6579,5439,21535,
20/10/2020 17:38:14.910,25751,TAI_400 @B73477,37924,B11937151B54,6577,5431,21531,
20/10/2020 17:38:14.959,25800,TAI_400 @B73477,37930,B71951152454,6583,5457,21540,
20/10/2020 17:38:15.008,25849,TAI_400 @B73477,37936,A41931151C54,6564,5425,21532,
20/10/2020 17:38:15.056,25897,TAI_400 @B73477,37943,BF1936151F54,6591,5430,21535,
20/10/2020 17:38:15.105,25946,TAI_400 @B73477,37949,E6193F151E54,6630,5439,21534,
20/10/2020 17:38:15.154,25995,TAI_400 @B73477,37955,B1193F151B54,6577,5439,21531,
20/10/2020 17:38:15.203,26044,TAI_400 @B73477,37961,C5193F151954,6597,5439,21529,
20/10/2020 17:38:15.251,26092,TAI_400 @B73477,37968,D7193A152754,6615,5434,21543,
20/10/2020 17:38:15.300,26141,TAI_400 @B73477,37974,961942151954,6550,5442,21529,
20/10/2020 17:38:15.349,26190,TAI_400 @B73477,37980,A81948152554,6568,5448,21541,
20/10/2020 17:38:15.397,26238,TAI_400 @B73477,37986,DE192E152754,6622,5422,21543,
20/10/2020 17:38:15.446,26287,TAI_400 @B73477,37993,CB193A151654,6603,5434,21526,
20/10/2020 17:38:15.544,26385,TAI_400 @B73477,37999,D71933152554,6615,5427,21541,
20/10/2020 17:38:15.593,26434,TAI_400 @B73477,38005,D21928151C54,6610,5416,21532,
20/10/2020 17:38:15.641,26482,TAI_400 @B73477,38011,AD194E152454,6573,5454,21540,
20/10/2020 17:38:15.690,26531,TAI_400 @B73477,38018,BF194E152254,6591,5454,21538,
20/10/2020 17:38:15.739,26580,TAI_400 @B73477,38024,AD1939151F54,6573,5433,21535,
20/10/2020 17:38:15.787,26628,TAI_400 @B73477,38030,AA1949151F54,6570,5449,21535,
20/10/2020 17:38:15.837,26678,TAI_400 @B73477,38036,B9193F152254,6585,5439,21538,
20/10/2020 17:38:15.885,26726,TAI_400 @B73477,38043,AE1928151B54,6574,5416,21531,
20/10/2020 17:38:15.934,26775,TAI_400 @B73477,38049,DD193A151954,6621,5434,21529,
20/10/2020 17:38:15.984,26825,TAI_400 @B73477,38055,C81937151C54,6600,5431,21532,
20/10/2020 17:38:16.031,26872,TAI_400 @B73477,38061,9B193D151954,6555,5437,21529,
20/10/2020 17:38:16.080,26921,TAI_400 @B73477,38068,DB193C151E54,6619,5436,21534,
20/10/2020 17:38:16.129,26970,TAI_400 @B73477,38074,B3193D152454,6579,5437,21540,
20/10/2020 17:38:16.177,27018,TAI_400 @B73477,38080,961948152454,6550,5448,21540,
20/10/2020 17:38:16.227,27068,TAI_400 @B73477,38086,DA1939152854,6618,5433,21544,
20/10/2020 17:38:16.275,27116,TAI_400 @B73477,38093,D5192B151C54,6613,5419,21532,
20/10/2020 17:38:16.324,27165,TAI_400 @B73477,38099,B11943151C54,6577,5443,21532,
20/10/2020 17:38:16.373,27214,TAI_400 @B73477,38105,EA193C152254,6634,5436,21538,
20/10/2020 17:38:16.421,27262,TAI_400 @B73477,38111,B3192E151654,6579,5422,21526,
20/10/2020 17:38:16.470,27311,TAI_400 @B73477,38118,AD1957152454,6573,5463,21540,
20/10/2020 17:38:16.519,27360,TAI_400 @B73477,38124,C21939152A54,6594,5433,21546,
20/10/2020 17:38:16.568,27409,TAI_400 @B73477,38130,BD192A151C54,6589,5418,21532,
20/10/2020 17:38:16.666,27507,TAI_400 @B73477,38136,D11946152254,6609,5446,21538,
20/10/2020 17:38:16.714,27555,TAI_400 @B73477,38143,C31931152454,6595,5425,21540,
20/10/2020 17:38:16.764,27605,TAI_400 @B73477,38149,C91931151E54,6601,5425,21534,
20/10/2020 17:38:16.811,27652,TAI_400 @B73477,38155,E0194F151F54,6624,5455,21535,
20/10/2020 17:38:16.860,27701,TAI_400 @B73477,38161,9B193D152154,6555,5437,21537,
20/10/2020 17:38:16.909,27750,TAI_400 @B73477,38168,A81940151F54,6568,5440,21535,
20/10/2020 17:38:16.957,27798,TAI_400 @B73477,38174,E01934151854,6624,5428,21528,
20/10/2020 17:38:17.006,27847,TAI_400 @B73477,38180,9F193D151F54,6559,5437,21535,
20/10/2020 17:38:17.055,27896,TAI_400 @B73477,38186,B9193D152254,6585,5437,21538,
20/10/2020 17:38:17.104,27945,TAI_400 @B73477,38193,F21936152454,6642,5430,21540,
20/10/2020 17:38:17.153,27994,TAI_400 @B73477,38199,AD1942151854,6573,5442,21528,
20/10/2020 17:38:17.202,28043,TAI_400 @B73477,38205,A21951152554,6562,5457,21541,
20/10/2020 17:38:17.252,28093,TAI_400 @B73477,38211,B91933152D54,6585,5427,21549,
20/10/2020 17:38:17.301,28142,TAI_400 @B73477,38218,9F194C152154,6559,5452,21537,
20/10/2020 17:38:17.347,28188,TAI_400 @B73477,38224,BA1948152854,6586,5448,21544,
20/10/2020 17:38:17.396,28237,TAI_400 @B73477,38230,BC192E152254,6588,5422,21538,
20/10/2020 17:38:17.445,28286,TAI_400 @B73477,38236,BD1937152454,6589,5431,21540,
20/10/2020 17:38:17.494,28335,TAI_400 @B73477,38243,D21948152554,6610,5448,21541,
20/10/2020 17:38:17.543,28384,TAI_400 @B73477,38249,AA1943151C54,6570,5443,21532,
20/10/2020 17:38:17.592,28433,TAI_400 @B73477,38255,CB1948151F54,6603,5448,21535,
20/10/2020 17:38:17.641,28482,TAI_400 @B73477,38261,BC194B152754,6588,5451,21543,
20/10/2020 17:38:17.690,28531,TAI_400 @B73477,38268,8D1936151954,6541,5430,21529,
20/10/2020 17:38:17.788,28629,TAI_400 @B73477,38274,BF193C152854,6591,5436,21544,
20/10/2020 17:38:17.836,28677,TAI_400 @B73477,38280,E9192D151954,6633,5421,21529,
20/10/2020 17:38:17.886,28727,TAI_400 @B73477,38286,9F193F151E54,6559,5439,21534,
20/10/2020 17:38:17.934,28775,TAI_400 @B73477,38293,D11940152A54,6609,5440,21546,
20/10/2020 17:38:17.982,28823,TAI_400 @B73477,38299,D81937151C54,6616,5431,21532,
20/10/2020 17:38:18.031,28872,TAI_400 @B73477,38305,9C193F152254,6556,5439,21538,
20/10/2020 17:38:18.079,28920,TAI_400 @B73477,38311,B61945152554,6582,5445,21541,
20/10/2020 17:38:18.128,28969,TAI_400 @B73477,38318,C0192E151F54,6592,5422,21535,
20/10/2020 17:38:18.177,29018,TAI_400 @B73477,38324,8C194C152254,6540,5452,21538,
20/10/2020 17:38:18.226,29067,TAI_400 @B73477,38330,D71937151F54,6615,5431,21535,
20/10/2020 17:38:18.274,29115,TAI_400 @B73477,38336,BA1930151B54,6586,5424,21531,
20/10/2020 17:38:18.323,29164,TAI_400 @B73477,38343,BF1946152754,6591,5446,21543,
20/10/2020 17:38:18.371,29212,TAI_400 @B73477,38349,C5193F151F54,6597,5439,21535,
20/10/2020 17:38:18.423,29264,TAI_400 @B73477,38355,991942151654,6553,5442,21526,
20/10/2020 17:38:18.470,29311,TAI_400 @B73477,38361,CE1949152454,6606,5449,21540,
20/10/2020 17:38:18.519,29360,TAI_400 @B73477,38368,A2193D151F54,6562,5437,21535,
20/10/2020 17:38:18.566,29407,TAI_400 @B73477,38374,9B1936152254,6555,5430,21538,
20/10/2020 17:38:18.615,29456,TAI_400 @B73477,38380,F21942152554,6642,5442,21541,
20/10/2020 17:38:18.664,29505,TAI_400 @B73477,38386,C51937151954,6597,5431,21529,
20/10/2020 17:38:18.713,29554,TAI_400 @B73477,38393,991955151C54,6553,5461,21532,
20/10/2020 17:38:18.761,29602,TAI_400 @B73477,38399,E9193A152154,6633,5434,21537,
20/10/2020 17:38:18.810,29651,TAI_400 @B73477,38405,AA193A151B54,6570,5434,21531,
20/10/2020 17:38:18.859,29700,TAI_400 @B73477,38411,A71951152854,6567,5457,21544,
20/10/2020 17:38:18.959,29800,TAI_400 @B73477,38418,DA193C152254,6618,5436,21538,
20/10/2020 17:38:19.005,29846,TAI_400 @B73477,38424,C6192E152154,6598,5422,21537,
20/10/2020 17:38:19.055,29896,TAI_400 @B73477,38430,CF194C151F54,6607,5452,21535,
20/10/2020 17:38:19.103,29944,TAI_400 @B73477,38436,DA1931151F54,6618,5425,21535,
20/10/2020 17:38:19.153,29994,TAI_400 @B73477,38443,C01939151C54,6592,5433,21532,
20/10/2020 17:38:19.201,30042,TAI_400 @B73477,38449,C5194B152754,6597,5451,21543,
20/10/2020 17:38:19.249,30090,TAI_400 @B73477,38455,A71936152754,6567,5430,21543,
20/10/2020 17:38:19.298,30139,TAI_400 @B73477,38461,AD193D152554,6573,5437,21541,
20/10/2020 17:38:19.346,30187,TAI_400 @B73477,38468,EA193F152254,6634,5439,21538,
20/10/2020 17:38:19.395,30236,TAI_400 @B73477,38474,A41937152254,6564,5431,21538,
20/10/2020 17:38:19.444,30285,TAI_400 @B73477,38480,C91939151B54,6601,5433,21531,
20/10/2020 17:38:19.493,30334,TAI_400 @B73477,38486,E3193C152254,6627,5436,21538,
20/10/2020 17:38:19.542,30383,TAI_400 @B73477,38493,981940151854,6552,5440,21528,
20/10/2020 17:38:19.590,30431,TAI_400 @B73477,38499,A11954153054,6561,5460,21552,
20/10/2020 17:38:19.639,30480,TAI_400 @B73477,38505,C81933152854,6600,5427,21544,
20/10/2020 17:38:19.688,30529,TAI_400 @B73477,38511,961945151954,6550,5445,21529,
20/10/2020 17:38:19.737,30578,TAI_400 @B73477,38518,BF1945152254,6591,5445,21538,
20/10/2020 17:38:19.786,30627,TAI_400 @B73477,38524,D11933151B54,6609,5427,21531,
20/10/2020 17:38:19.835,30677,TAI_400 @B73477,38530,B6193D151E54,6582,5437,21534,
20/10/2020 17:38:19.886,30727,TAI_400 @B73477,38536,BA194E152454,6586,5454,21540,
20/10/2020 17:38:19.932,30773,TAI_400 @B73477,38543,AA1936152454,6570,5430,21540,
20/10/2020 17:38:19.981,30822,TAI_400 @B73477,38549,A7194C151F54,6567,5452,21535,
20/10/2020 17:38:20.029,30870,TAI_400 @B73477,38555,C21948152754,6594,5448,21543,
20/10/2020 17:38:20.127,30968,TAI_400 @B73477,38561,B61934152154,6582,5428,21537,
20/10/2020 17:38:20.175,31016,TAI_400 @B73477,38568,CB193F152754,6603,5439,21543,
20/10/2020 17:38:20.224,31065,TAI_400 @B73477,38574,DA1939152154,6618,5433,21537,
20/10/2020 17:38:20.273,31114,TAI_400 @B73477,38580,AD1931151E54,6573,5425,21534,
20/10/2020 17:38:20.321,31162,TAI_400 @B73477,38586,D81946151B54,6616,5446,21531,
20/10/2020 17:38:20.371,31212,TAI_400 @B73477,38593,B91945151E54,6585,5445,21534,
20/10/2020 17:38:20.420,31261,TAI_400 @B73477,38599,8C193D152554,6540,5437,21541,
20/10/2020 17:38:20.470,31311,TAI_400 @B73477,38605,D21940152554,6610,5440,21541,
20/10/2020 17:38:20.516,31357,TAI_400 @B73477,38611,CF1930152254,6607,5424,21538,
20/10/2020 17:38:20.566,31407,TAI_400 @B73477,38618,A51942152554,6565,5442,21541,
20/10/2020 17:38:20.614,31455,TAI_400 @B73477,38624,E91933151E54,6633,5427,21534,
20/10/2020 17:38:20.663,31504,TAI_400 @B73477,38630,BF1936151E54,6591,5430,21534,
20/10/2020 17:38:20.712,31553,TAI_400 @B73477,38636,B41948151C54,6580,5448,21532,
20/10/2020 17:38:20.761,31602,TAI_400 @B73477,38643,C01937152154,6592,5431,21537,
20/10/2020 17:38:20.809,31650,TAI_400 @B73477,38649,AD192D151F54,6573,5421,21535,
20/10/2020 17:38:20.858,31699,TAI_400 @B73477,38655,A51957152A54,6565,5463,21546,
20/10/2020 17:38:20.907,31748,TAI_400 @B73477,38661,C31931151F54,6595,5425,21535,
20/10/2020 17:38:20.955,31796,TAI_400 @B73477,38668,BF1934152554,6591,5428,21541,
20/10/2020 17:38:21.004,31845,TAI_400 @B73477,38674,D81945151C54,6616,5445,21532,
20/10/2020 17:38:21.053,31894,TAI_400 @B73477,38680,B71943152454,6583,5443,21540,
20/10/2020 17:38:21.102,31943,TAI_400 @B73477,38686,951942152254,6549,5442,21538,
20/10/2020 17:38:21.151,31992,TAI_400 @B73477,38693,DD1945152154,6621,5445,21537,
20/10/2020 17:38:21.249,32090,TAI_400 @B73477,38699,901940152554,6544,5440,21541,
20/10/2020 17:38:21.297,32138,TAI_400 @B73477,38705,AD193F152754,6573,5439,21543,
20/10/2020 17:38:21.346,32187,TAI_400 @B73477,38711,F01937152254,6640,5431,21538,
20/10/2020 17:38:21.394,32235,TAI_400 @B73477,38718,BC193F151954,6588,5439,21529,
20/10/2020 17:38:21.443,32284,TAI_400 @B73477,38724,AB1961152854,6571,5473,21544,
20/10/2020 17:38:21.492,32333,TAI_400 @B73477,38730,DD1930151F54,6621,5424,21535,
20/10/2020 17:38:21.540,32381,TAI_400 @B73477,38736,A11942151E54,6561,5442,21534,
20/10/2020 17:38:21.589,32430,TAI_400 @B73477,38743,B1194E152254,6577,5454,21538,
20/10/2020 17:38:21.638,32479,TAI_400 @B73477,38749,BD1928152154,6589,5416,21537,
20/10/2020 17:38:21.687,32528,TAI_400 @B73477,38755,BD193A151854,6589,5434,21528,
20/10/2020 17:38:21.735,32576,TAI_400 @B73477,38761,E1194C151854,6625,5452,21528,
20/10/2020 17:38:21.784,32625,TAI_400 @B73477,38768,C6192D152154,6598,5421,21537,
20/10/2020 17:38:21.833,32674,TAI_400 @B73477,38774,BD1949151F54,6589,5449,21535,
20/10/2020 17:38:21.882,32723,TAI_400 @B73477,38780,C81949152454,6600,5449,21540,
20/10/2020 17:38:21.931,32772,TAI_400 @B73477,38786,A11940151F54,6561,5440,21535,
20/10/2020 17:38:21.979,32820,TAI_400 @B73477,38793,BC193D152254,6588,5437,21538,
20/10/2020 17:38:22.028,32869,TAI_400 @B73477,38799,EC1930152454,6636,5424,21540,
20/10/2020 17:38:22.077,32918,TAI_400 @B73477,38805,99193C152254,6553,5436,21538,
20/10/2020 17:38:22.126,32967,TAI_400 @B73477,38811,E3193D152554,6627,5437,21541,
20/10/2020 17:38:22.174,33015,TAI_400 @B73477,38818,DE1936151F54,6622,5430,21535,
20/10/2020 17:38:22.223,33064,TAI_400 @B73477,38824,9B1942151C54,6555,5442,21532,
20/10/2020 17:38:22.271,33112,TAI_400 @B73477,38830,B61943152754,6582,5443,21543,
20/10/2020 17:38:22.321,33162,TAI_400 @B73477,38836,C01931151854,6592,5425,21528,
20/10/2020 17:38:22.418,33259,TAI_400 @B73477,38843,9E194E152B54,6558,5454,21547,
20/10/2020 17:38:22.466,33307,TAI_400 @B73477,38849,D51940151E54,6613,5440,21534,
20/10/2020 17:38:22.516,33357,TAI_400 @B73477,38855,C21931151554,6594,5425,21525,
20/10/2020 17:38:22.563,33404,TAI_400 @B73477,38861,CF1943151C54,6607,5443,21532,
20/10/2020 17:38:22.612,33453,TAI_400 @B73477,38868,BD194C152254,6589,5452,21538,
20/10/2020 17:38:22.661,33502,TAI_400 @B73477,38874,871937151E54,6535,5431,21534,
20/10/2020 17:38:22.710,33551,TAI_400 @B73477,38880,C5194E152554,6597,5454,21541,
20/10/2020 17:38:22.759,33600,TAI_400 @B73477,38886,B3193A152454,6579,5434,21540,
20/10/2020 17:38:22.808,33649,TAI_400 @B73477,38893,A11937152454,6561,5431,21540,
20/10/2020 17:38:22.856,33697,TAI_400 @B73477,38899,DE1943152254,6622,5443,21538,
20/10/2020 17:38:22.905,33746,TAI_400 @B73477,38905,C8193C151954,6600,5436,21529,
20/10/2020 17:38:22.954,33795,TAI_400 @B73477,38911,B7193A152154,6583,5434,21537,
20/10/2020 17:38:23.004,33845,TAI_400 @B73477,38918,F5193A152554,6645,5434,21541,
20/10/2020 17:38:23.051,33892,TAI_400 @B73477,38924,B01937151854,6576,5431,21528,
20/10/2020 17:38:23.100,33941,TAI_400 @B73477,38930,8D194E151B54,6541,5454,21531,
20/10/2020 17:38:23.149,33990,TAI_400 @B73477,38936,E01934152554,6624,5428,21541,
20/10/2020 17:38:23.197,34038,TAI_400 @B73477,38943,BF1933151654,6591,5427,21526,
20/10/2020 17:38:23.246,34087,TAI_400 @B73477,38949,B71945152254,6583,5445,21538,
20/10/2020 17:38:23.294,34135,TAI_400 @B73477,38955,D4192B152554,6612,5419,21541,
20/10/2020 17:38:23.343,34184,TAI_400 @B73477,38961,B91939151654,6585,5433,21526,
20/10/2020 17:38:23.392,34233,TAI_400 @B73477,38968,BC194F152154,6588,5455,21537,
20/10/2020 17:38:23.440,34281,TAI_400 @B73477,38974,A71934152454,6567,5428,21540,
20/10/2020 17:38:23.538,34379,TAI_400 @B73477,38980,AE193C151E54,6574,5436,21534,
20/10/2020 17:38:23.587,34428,TAI_400 @B73477,38986,B01946152454,6576,5446,21540,
20/10/2020 17:38:23.636,34478,TAI_400 @B73477,38993,B31930151554,6579,5424,21525,
20/10/2020 17:38:23.684,34525,TAI_400 @B73477,38999,C01933151C54,6592,5427,21532,
20/10/2020 17:38:23.733,34574,TAI_400 @B73477,39005,E01940152B54,6624,5440,21547,
20/10/2020 17:38:23.782,34623,TAI_400 @B73477,39011,A41945152154,6564,5445,21537,
20/10/2020 17:38:23.831,34672,TAI_400 @B73477,39018,AE194C152A54,6574,5452,21546,
20/10/2020 17:38:23.880,34721,TAI_400 @B73477,39024,BA1942152A54,6586,5442,21546,
20/10/2020 17:38:23.929,34770,TAI_400 @B73477,39030,831943152154,6531,5443,21537,
20/10/2020 17:38:23.978,34819,TAI_400 @B73477,39036,CC1942152454,6604,5442,21540,
20/10/2020 17:38:24.026,34867,TAI_400 @B73477,39043,EC1933151E54,6636,5427,21534,
20/10/2020 17:38:24.074,34915,TAI_400 @B73477,39049,B61940151E54,6582,5440,21534,
20/10/2020 17:38:24.124,34965,TAI_400 @B73477,39055,C0194C152B54,6592,5452,21547,
20/10/2020 17:38:24.173,35014,TAI_400 @B73477,39061,C9192D152754,6601,5421,21543,
20/10/2020 17:38:24.221,35062,TAI_400 @B73477,39068,AA1942151F54,6570,5442,21535,
20/10/2020 17:38:24.273,35114,TAI_400 @B73477,39074,BD1949152854,6589,5449,21544,
20/10/2020 17:38:24.319,35160,TAI_400 @B73477,39080,AD1930151E54,6573,5424,21534,
20/10/2020 17:38:24.368,35209,TAI_400 @B73477,39086,D2193C151554,6610,5436,21525,
20/10/2020 17:38:24.416,35257,TAI_400 @B73477,39093,D7193D152154,6615,5437,21537,
20/10/2020 17:38:24.466,35307,TAI_400 @B73477,39099,C01939152154,6592,5433,21537,
20/10/2020 17:38:24.514,35355,TAI_400 @B73477,39105,DA1945152754,6618,5445,21543,
20/10/2020 17:38:24.562,35403,TAI_400 @B73477,39111,BF1942152754,6591,5442,21543,
20/10/2020 17:38:24.611,35452,TAI_400 @B73477,39118,961945151E54,6550,5445,21534,
20/10/2020 17:38:24.709,35550,TAI_400 @B73477,39124,C31940152254,6595,5440,21538,
20/10/2020 17:38:24.758,35599,TAI_400 @B73477,39130,A81943152454,6568,5443,21540,
20/10/2020 17:38:24.807,35648,TAI_400 @B73477,39136,9E1949152554,6558,5449,21541,
20/10/2020 17:38:24.855,35696,TAI_400 @B73477,39143,E7193D152854,6631,5437,21544,
20/10/2020 17:38:24.904,35745,TAI_400 @B73477,39149,D4193A151654,6612,5434,21526,
20/10/2020 17:38:24.953,35794,TAI_400 @B73477,39155,A8194C152754,6568,5452,21543,
20/10/2020 17:38:25.002,35843,TAI_400 @B73477,39161,C9193F152254,6601,5439,21538,
20/10/2020 17:38:25.050,35891,TAI_400 @B73477,39168,AE193F151B54,6574,5439,21531,
20/10/2020 17:38:25.099,35940,TAI_400 @B73477,39174,B41955152454,6580,5461,21540,
20/10/2020 17:38:25.147,35988,TAI_400 @B73477,39180,C5193C151F54,6597,5436,21535,
20/10/2020 17:38:25.196,36037,TAI_400 @B73477,39186,B01931151E54,6576,5425,21534,
20/10/2020 17:38:25.244,36085,TAI_400 @B73477,39193,E31946152554,6627,5446,21541,
20/10/2020 17:38:25.293,36134,TAI_400 @B73477,39199,BC1948151E54,6588,5448,21534,
20/10/2020 17:38:25.343,36184,TAI_400 @B73477,39205,D4193C151F54,6612,5436,21535,
20/10/2020 17:38:25.391,36232,TAI_400 @B73477,39211,C31951152254,6595,5457,21538,
20/10/2020 17:38:25.440,36281,TAI_400 @B73477,39218,A1193F151B54,6561,5439,21531,
20/10/2020 17:38:25.489,36330,TAI_400 @B73477,39224,AA1945151F54,6570,5445,21535,
20/10/2020 17:38:25.540,36381,TAI_400 @B73477,39230,E41936152154,6628,5430,21537,
20/10/2020 17:38:25.587,36428,TAI_400 @B73477,39236,BC1937151954,6588,5431,21529,
20/10/2020 17:38:25.637,36478,TAI_400 @B73477,39243,C9193F152754,6601,5439,21543,
20/10/2020 17:38:25.684,36525,TAI_400 @B73477,39249,E61931152154,6630,5425,21537,
20/10/2020 17:38:25.733,36574,TAI_400 @B73477,39255,A41942151C54,6564,5442,21532,
20/10/2020 17:38:25.830,36671,TAI_400 @B73477,39261,A81949152554,6568,5449,21541,
20/10/2020 17:38:25.879,36720,TAI_400 @B73477,39268,C01936152554,6592,5430,21541,
20/10/2020 17:38:25.927,36768,TAI_400 @B73477,39274,A4194B152854,6564,5451,21544,
20/10/2020 17:38:25.977,36818,TAI_400 @B73477,39280,C01949152854,6592,5449,21544,
20/10/2020 17:38:26.025,36866,TAI_400 @B73477,39286,BF192B151F54,6591,5419,21535,
20/10/2020 17:38:26.074,36915,TAI_400 @B73477,39293,BA193A151F54,6586,5434,21535,
20/10/2020 17:38:26.123,36964,TAI_400 @B73477,39299,DB193F152754,6619,5439,21543,
20/10/2020 17:38:26.171,37012,TAI_400 @B73477,39305,99193F151E54,6553,5439,21534,
20/10/2020 17:38:26.220,37061,TAI_400 @B73477,39311,DA1943152254,6618,5443,21538,
20/10/2020 17:38:26.272,37113,TAI_400 @B73477,39318,B9193D152854,6585,5437,21544,
20/10/2020 17:38:26.317,37158,TAI_400 @B73477,39324,9B1942152154,6555,5442,21537,
20/10/2020 17:38:26.366,37207,TAI_400 @B73477,39330,C5193F152454,6597,5439,21540,
20/10/2020 17:38:26.416,37257,TAI_400 @B73477,39336,DB192B152254,6619,5419,21538,
20/10/2020 17:38:26.464,37305,TAI_400 @B73477,39343,AA1945151C54,6570,5445,21532,
20/10/2020 17:38:26.512,37353,TAI_400 @B73477,39349,DE193D152154,6622,5437,21537,
20/10/2020 17:38:26.562,37403,TAI_400 @B73477,39355,D5192B151C54,6613,5419,21532,
20/10/2020 17:38:26.610,37451,TAI_400 @B73477,39361,A7194E152B54,6567,5454,21547,
20/10/2020 17:38:26.659,37500,TAI_400 @B73477,39368,BA1948152A54,6586,5448,21546,
20/10/2020 17:38:26.708,37549,TAI_400 @B73477,39374,BF192D151F54,6591,5421,21535,
20/10/2020 17:38:26.756,37597,TAI_400 @B73477,39380,C2193F151F54,6594,5439,21535,
20/10/2020 17:38:26.807,37648,TAI_400 @B73477,39386,C91936152A54,6601,5430,21546,
20/10/2020 17:38:26.853,37694,TAI_400 @B73477,39393,BD1930151E54,6589,5424,21534,
20/10/2020 17:38:26.903,37744,TAI_400 @B73477,39399,C3193D151F54,6595,5437,21535,
20/10/2020 17:38:27.003,37844,TAI_400 @B73477,39405,B31940152754,6579,5440,21543,
20/10/2020 17:38:27.048,37889,TAI_400 @B73477,39411,89193F152454,6537,5439,21540,
20/10/2020 17:38:27.098,37939,TAI_400 @B73477,39418,D81942152754,6616,5442,21543,
20/10/2020 17:38:27.147,37988,TAI_400 @B73477,39424,9C193F152254,6556,5439,21538,
20/10/2020 17:38:27.195,38036,TAI_400 @B73477,39430,AD1942152154,6573,5442,21537,
20/10/2020 17:38:27.244,38085,TAI_400 @B73477,39436,DD1939151E54,6621,5433,21534,
20/10/2020 17:38:27.292,38133,TAI_400 @B73477,39443,C21939151C54,6594,5433,21532,
20/10/2020 17:38:27.341,38182,TAI_400 @B73477,39449,A11952152254,6561,5458,21538,
20/10/2020 17:38:27.389,38230,TAI_400 @B73477,39455,CC1949152454,6604,5449,21540,
20/10/2020 17:38:27.438,38279,TAI_400 @B73477,39461,A51943152254,6565,5443,21538,
20/10/2020 17:38:27.488,38329,TAI_400 @B73477,39468,9C194F153054,6556,5455,21552,
20/10/2020 17:38:27.537,38378,TAI_400 @B73477,39474,CC1933152854,6604,5427,21544,
20/10/2020 17:38:27.587,38428,TAI_400 @B73477,39480,C31939151954,6595,5433,21529,
20/10/2020 17:38:27.635,38476,TAI_400 @B73477,39486,CF1948152A54,6607,5448,21546,
20/10/2020 17:38:27.683,38524,TAI_400 @B73477,39493,B41943152754,6580,5443,21543,
20/10/2020 17:38:27.733,38574,TAI_400 @B73477,39499,BA1940151E54,6586,5440,21534,
20/10/2020 17:38:27.780,38621,TAI_400 @B73477,39505,CB1952152854,6603,5458,21544,
20/10/2020 17:38:27.829,38670,TAI_400 @B73477,39511,A51940152554,6565,5440,21541,
20/10/2020 17:38:27.878,38719,TAI_400 @B73477,39518,AB193C152554,6571,5436,21541,
20/10/2020 17:38:27.926,38767,TAI_400 @B73477,39524,FE1934152454,6654,5428,21540,
20/10/2020 17:38:27.975,38816,TAI_400 @B73477,39530,BD1937151F54,6589,5431,21535,
20/10/2020 17:38:28.024,38865,TAI_400 @B73477,39536,D21943152554,6610,5443,21541,
20/10/2020 17:38:28.120,38961,TAI_400 @B73477,39543,DD193A152154,6621,5434,21537,
20/10/2020 17:38:28.170,39011,TAI_400 @B73477,39549,A41942152454,6564,5442,21540,
20/10/2020 17:38:28.219,39060,TAI_400 @B73477,39555,AA1948152A54,6570,5448,21546,
20/10/2020 17:38:28.269,39110,TAI_400 @B73477,39561,D51930152454,6613,5424,21540,
20/10/2020 17:38:28.317,39158,TAI_400 @B73477,39568,89194C152754,6537,5452,21543,
20/10/2020 17:38:28.366,39207,TAI_400 @B73477,39574,C51949152E54,6597,5449,21550,
20/10/2020 17:38:28.414,39255,TAI_400 @B73477,39580,DD192A152154,6621,5418,21537,
20/10/2020 17:38:28.462,39303,TAI_400 @B73477,39586,BD1945152754,6589,5445,21543,
20/10/2020 17:38:28.512,39353,TAI_400 @B73477,39593,B4194F152D54,6580,5455,21549,
20/10/2020 17:38:28.560,39401,TAI_400 @B73477,39599,9E1934152854,6558,5428,21544,
20/10/2020 17:38:28.608,39449,TAI_400 @B73477,39605,B61952152854,6582,5458,21544,
20/10/2020 17:38:28.657,39498,TAI_400 @B73477,39611,BD1943152A54,6589,5443,21546,
20/10/2020 17:38:28.706,39547,TAI_400 @B73477,39618,A21936151E54,6562,5430,21534,
20/10/2020 17:38:28.755,39596,TAI_400 @B73477,39624,D41939151F54,6612,5433,21535,
20/10/2020 17:38:28.804,39645,TAI_400 @B73477,39630,D41939151F54,6612,5433,21535,
20/10/2020 17:38:28.852,39693,TAI_400 @B73477,39636,8A1948152454,6538,5448,21540,
20/10/2020 17:38:28.901,39742,TAI_400 @B73477,39643,F2194F152554,6642,5455,21541,
20/10/2020 17:38:28.949,39790,TAI_400 @B73477,39649,A71937152554,6567,5431,21541,
20/10/2020 17:38:28.998,39839,TAI_400 @B73477,39655,961943152754,6550,5443,21543,
20/10/2020 17:38:29.047,39888,TAI_400 @B73477,39661,CC193D152854,6604,5437,21544,
20/10/2020 17:38:29.096,39937,TAI_400 @B73477,39668,D1192E151F54,6609,5422,21535,
20/10/2020 17:38:29.145,39986,TAI_400 @B73477,39674,B9194B152B54,6585,5451,21547,
20/10/2020 17:38:29.193,40034,TAI_400 @B73477,39680,E91930152254,6633,5424,21538,
20/10/2020 17:38:29.290,40131,TAI_400 @B73477,39686,BC1934151854,6588,5428,21528,
20/10/2020 17:38:29.339,40180,TAI_400 @B73477,39693,A7194E152D54,6567,5454,21549,
20/10/2020 17:38:29.389,40230,TAI_400 @B73477,39699,AB193C152554,6571,5436,21541,
20/10/2020 17:38:29.438,40279,TAI_400 @B73477,39705,C31936151F54,6595,5430,21535,
20/10/2020 17:38:29.486,40327,TAI_400 @B73477,39711,DE1942152A54,6622,5442,21546,
20/10/2020 17:38:29.535,40376,TAI_400 @B73477,39718,BD192A152B54,6589,5418,21547,
20/10/2020 17:38:29.583,40424,TAI_400 @B73477,39724,BA1937152154,6586,5431,21537,
20/10/2020 17:38:29.632,40473,TAI_400 @B73477,39730,D41945152254,6612,5445,21538,
20/10/2020 17:38:29.681,40522,TAI_400 @B73477,39736,A7193C152754,6567,5436,21543,
20/10/2020 17:38:29.729,40570,TAI_400 @B73477,39743,9F1946152554,6559,5446,21541,
20/10/2020 17:38:29.778,40619,TAI_400 @B73477,39749,EC193A152254,6636,5434,21538,
20/10/2020 17:38:29.827,40668,TAI_400 @B73477,39755,8D193F152254,6541,5439,21538,
20/10/2020 17:38:29.876,40717,TAI_400 @B73477,39761,BD1943152854,6589,5443,21544,
20/10/2020 17:38:29.925,40766,TAI_400 @B73477,39768,E41933152554,6628,5427,21541,
20/10/2020 17:38:29.973,40814,TAI_400 @B73477,39774,B01942151B54,6576,5442,21531,
20/10/2020 17:38:30.022,40863,TAI_400 @B73477,39780,AB1951152554,6571,5457,21541,
20/10/2020 17:38:30.071,40912,TAI_400 @B73477,39786,C51933152754,6597,5427,21543,
20/10/2020 17:38:30.120,40961,TAI_400 @B73477,39793,93194B152154,6547,5451,21537,
20/10/2020 17:38:30.170,41011,TAI_400 @B73477,39799,B3194C152B54,6579,5452,21547,
20/10/2020 17:38:30.217,41058,TAI_400 @B73477,39805,BC1931152754,6588,5425,21543,
20/10/2020 17:38:30.266,41107,TAI_400 @B73477,39811,D21939152554,6610,5433,21541,
20/10/2020 17:38:30.316,41157,TAI_400 @B73477,39818,CF1949152454,6607,5449,21540,
20/10/2020 17:38:30.413,41254,TAI_400 @B73477,39824,A11949152254,6561,5449,21538,
20/10/2020 17:38:30.462,41303,TAI_400 @B73477,39830,C51945152754,6597,5445,21543,
20/10/2020 17:38:30.511,41352,TAI_400 @B73477,39836,CC1939152D54,6604,5433,21549,
20/10/2020 17:38:30.559,41400,TAI_400 @B73477,39843,95193A152854,6549,5434,21544,
20/10/2020 17:38:30.608,41449,TAI_400 @B73477,39849,B9194C152A54,6585,5452,21546,
20/10/2020 17:38:30.657,41498,TAI_400 @B73477,39855,EC192E152154,6636,5422,21537,
20/10/2020 17:38:30.705,41546,TAI_400 @B73477,39861,981934152154,6552,5428,21537,
20/10/2020 17:38:30.753,41594,TAI_400 @B73477,39868,F0193A152D54,6640,5434,21549,
20/10/2020 17:38:30.803,41644,TAI_400 @B73477,39874,CC1931151F54,6604,5425,21535,
20/10/2020 17:38:30.853,41694,TAI_400 @B73477,39880,A5194E152D54,6565,5454,21549,
20/10/2020 17:38:30.900,41741,TAI_400 @B73477,39886,B71951152454,6583,5457,21540,
20/10/2020 17:38:30.949,41790,TAI_400 @B73477,39893,BA1931152154,6586,5425,21537,
20/10/2020 17:38:30.997,41838,TAI_400 @B73477,39899,A4194C152454,6564,5452,21540,
20/10/2020 17:38:31.047,41888,TAI_400 @B73477,39905,C3193C152D54,6595,5436,21549,
20/10/2020 17:38:31.095,41936,TAI_400 @B73477,39911,B6192D151E54,6582,5421,21534,
20/10/2020 17:38:31.144,41985,TAI_400 @B73477,39918,DE1946151F54,6622,5446,21535,
20/10/2020 17:38:31.193,42034,TAI_400 @B73477,39924,C5193A151E54,6597,5434,21534,
20/10/2020 17:38:31.241,42082,TAI_400 @B73477,39930,981945152A54,6552,5445,21546,
20/10/2020 17:38:31.290,42131,TAI_400 @B73477,39936,CF1942153054,6607,5442,21552,
20/10/2020 17:38:31.339,42180,TAI_400 @B73477,39943,B41942152854,6580,5442,21544,
20/10/2020 17:38:31.388,42229,TAI_400 @B73477,39949,981948152D54,6552,5448,21549,
20/10/2020 17:38:31.437,42278,TAI_400 @B73477,39955,D7193A152B54,6615,5434,21547,
20/10/2020 17:38:31.486,42327,TAI_400 @B73477,39961,D11936152154,6609,5430,21537,
20/10/2020 17:38:31.583,42424,TAI_400 @B73477,39968,AB1951152B54,6571,5457,21547,
20/10/2020 17:38:31.632,42473,TAI_400 @B73477,39974,F31939152854,6643,5433,21544,
20/10/2020 17:38:31.680,42521,TAI_400 @B73477,39980,B6193A151B54,6582,5434,21531,
20/10/2020 17:38:31.729,42570,TAI_400 @B73477,39986,A7195B152B54,6567,5467,21547,
20/10/2020 17:38:31.778,42619,TAI_400 @B73477,39993,CC193D152554,6604,5437,21541,
20/10/2020 17:38:31.826,42667,TAI_400 @B73477,39999,BC192E152154,6588,5422,21537,
20/10/2020 17:38:31.874,42715,TAI_400 @B73477,40005,CF193D152B54,6607,5437,21547,
20/10/2020 17:38:31.923,42764,TAI_400 @B73477,40011,C61933152854,6598,5427,21544,
20/10/2020 17:38:31.973,42814,TAI_400 @B73477,40018,CC193A152554,6604,5434,21541,
20/10/2020 17:38:32.021,42862,TAI_400 @B73477,40024,E01951152A54,6624,5457,21546,
20/10/2020 17:38:32.070,42911,TAI_400 @B73477,40030,9E193D152254,6558,5437,21538,
20/10/2020 17:38:32.119,42960,TAI_400 @B73477,40036,A21943152554,6562,5443,21541,
20/10/2020 17:38:32.166,43007,TAI_400 @B73477,40043,D81939152254,6616,5433,21538,
20/10/2020 17:38:32.217,43058,TAI_400 @B73477,40049,A21945151F54,6562,5445,21535,
20/10/2020 17:38:32.265,43106,TAI_400 @B73477,40055,B61945152754,6582,5445,21543,
20/10/2020 17:38:32.314,43155,TAI_400 @B73477,40061,EA1937152E54,6634,5431,21550,
20/10/2020 17:38:32.363,43204,TAI_400 @B73477,40068,B1193F151F54,6577,5439,21535,
20/10/2020 17:38:32.411,43252,TAI_400 @B73477,40074,A5194C152154,6565,5452,21537,
20/10/2020 17:38:32.460,43301,TAI_400 @B73477,40080,D7193A151E54,6615,5434,21534,
20/10/2020 17:38:32.509,43350,TAI_400 @B73477,40086,991948152454,6553,5448,21540,
20/10/2020 17:38:32.558,43399,TAI_400 @B73477,40093,C01945152B54,6592,5445,21547,
20/10/2020 17:38:32.606,43447,TAI_400 @B73477,40099,C91931152554,6601,5425,21541,
20/10/2020 17:38:32.705,43546,TAI_400 @B73477,40105,BC193A152754,6588,5434,21543,
20/10/2020 17:38:32.753,43594,TAI_400 @B73477,40111,C91951152E54,6601,5457,21550,
20/10/2020 17:38:32.802,43643,TAI_400 @B73477,40118,C21933151F54,6594,5427,21535,
20/10/2020 17:38:32.850,43691,TAI_400 @B73477,40124,C81948152254,6600,5448,21538,
20/10/2020 17:38:32.898,43739,TAI_400 @B73477,40130,B1194C151F54,6577,5452,21535,
20/10/2020 17:38:32.947,43788,TAI_400 @B73477,40136,9B1937152554,6555,5431,21541,
20/10/2020 17:38:32.996,43837,TAI_400 @B73477,40143,D51943152554,6613,5443,21541,
20/10/2020 17:38:33.045,43886,TAI_400 @B73477,40149,E11937152254,6625,5431,21538,
20/10/2020 17:38:33.094,43935,TAI_400 @B73477,40155,AD1939152454,6573,5433,21540,
20/10/2020 17:38:33.143,43984,TAI_400 @B73477,40161,DD193C152B54,6621,5436,21547,
20/10/2020 17:38:33.191,44032,TAI_400 @B73477,40168,BD1940152554,6589,5440,21541,
20/10/2020 17:38:33.241,44082,TAI_400 @B73477,40174,8C1951152854,6540,5457,21544,
20/10/2020 17:38:33.290,44131,TAI_400 @B73477,40180,CE1949152D54,6606,5449,21549,
20/10/2020 17:38:33.340,44181,TAI_400 @B73477,40186,D8192B152454,6616,5419,21540,
20/10/2020 17:38:33.386,44227,TAI_400 @B73477,40193,9C1940152854,6556,5440,21544,
20/10/2020 17:38:33.436,44277,TAI_400 @B73477,40199,E61939152154,6630,5433,21537,
20/10/2020 17:38:33.484,44325,TAI_400 @B73477,40205,BD1937151F54,6589,5431,21535,
20/10/2020 17:38:33.534,44375,TAI_400 @B73477,40211,B91957152554,6585,5463,21541,
20/10/2020 17:38:33.582,44423,TAI_400 @B73477,40218,BF1940152454,6591,5440,21540,
20/10/2020 17:38:33.630,44471,TAI_400 @B73477,40224,AB1936152454,6571,5430,21540,
20/10/2020 17:38:33.679,44520,TAI_400 @B73477,40230,BC1954152754,6588,5460,21543,
20/10/2020 17:38:33.727,44568,TAI_400 @B73477,40236,A7193A152554,6567,5434,21541,
20/10/2020 17:38:33.825,44666,TAI_400 @B73477,40243,B41934151F54,6580,5428,21535,
20/10/2020 17:38:33.874,44715,TAI_400 @B73477,40249,ED1945152854,6637,5445,21544,
20/10/2020 17:38:33.923,44764,TAI_400 @B73477,40255,AD1940152254,6573,5440,21538,
20/10/2020 17:38:33.971,44812,TAI_400 @B73477,40261,96194B152754,6550,5451,21543,
20/10/2020 17:38:34.021,44862,TAI_400 @B73477,40268,DA1945152B54,6618,5445,21547,
20/10/2020 17:38:34.071,44912,TAI_400 @B73477,40274,A2194F152454,6562,5455,21540,
20/10/2020 17:38:34.118,44959,TAI_400 @B73477,40280,AA1949152A54,6570,5449,21546,
20/10/2020 17:38:34.166,45007,TAI_400 @B73477,40286,E91936152754,6633,5430,21543,
20/10/2020 17:38:34.215,45056,TAI_400 @B73477,40293,C6192B151F54,6598,5419,21535,
20/10/2020 17:38:34.264,45105,TAI_400 @B73477,40299,B3194B152A54,6579,5451,21546,
20/10/2020 17:38:34.313,45154,TAI_400 @B73477,40305,E91936152554,6633,5430,21541,
20/10/2020 17:38:34.361,45202,TAI_400 @B73477,40311,AA1945152454,6570,5445,21540,
20/10/2020 17:38:34.410,45251,TAI_400 @B73477,40318,BC194C152A54,6588,5452,21546,
20/10/2020 17:38:34.458,45299,TAI_400 @B73477,40324,B71930152A54,6583,5424,21546,
20/10/2020 17:38:34.507,45348,TAI_400 @B73477,40330,BA1939152854,6586,5433,21544,
20/10/2020 17:38:34.556,45397,TAI_400 @B73477,40336,DD1945153354,6621,5445,21555,
20/10/2020 17:38:34.605,45446,TAI_400 @B73477,40343,B3192E152454,6579,5422,21540,
20/10/2020 17:38:34.654,45495,TAI_400 @B73477,40349,CF1942152254,6607,5442,21538,
20/10/2020 17:38:34.704,45545,TAI_400 @B73477,40355,D51948152554,6613,5448,21541,
20/10/2020 17:38:34.751,45592,TAI_400 @B73477,40361,8F1943152254,6543,5443,21538,
20/10/2020 17:38:34.800,45641,TAI_400 @B73477,40368,B1194C152A54,6577,5452,21546,
20/10/2020 17:38:34.849,45690,TAI_400 @B73477,40374,C61945152754,6598,5445,21543,
20/10/2020 17:38:34.897,45738,TAI_400 @B73477,40380,93194B152854,6547,5451,21544,
20/10/2020 17:38:34.995,45836,TAI_400 @B73477,40386,C91943152A54,6601,5443,21546,
20/10/2020 17:38:35.043,45884,TAI_400 @B73477,40393,D5192D152754,6613,5421,21543,
20/10/2020 17:38:35.093,45934,TAI_400 @B73477,40399,B1194C152754,6577,5452,21543,
20/10/2020 17:38:35.142,45983,TAI_400 @B73477,40405,BC1952152854,6588,5458,21544,
20/10/2020 17:38:35.191,46032,TAI_400 @B73477,40411,C61936151F54,6598,5430,21535,
20/10/2020 17:38:35.240,46081,TAI_400 @B73477,40418,9C1951152754,6556,5457,21543,
20/10/2020 17:38:35.288,46129,TAI_400 @B73477,40424,C51945152854,6597,5445,21544,
20/10/2020 17:38:35.337,46178,TAI_400 @B73477,40430,B61934152254,6582,5428,21538,
20/10/2020 17:38:35.384,46225,TAI_400 @B73477,40436,C91943152754,6601,5443,21543,
20/10/2020 17:38:35.434,46275,TAI_400 @B73477,40443,E0193F152A54,6624,5439,21546,
20/10/2020 17:38:35.483,46324,TAI_400 @B73477,40449,B61934152254,6582,5428,21538,
20/10/2020 17:38:35.531,46372,TAI_400 @B73477,40455,E41943152B54,6628,5443,21547,
20/10/2020 17:38:35.580,46421,TAI_400 @B73477,40461,C21942152754,6594,5442,21543,
20/10/2020 17:38:35.628,46469,TAI_400 @B73477,40468,8C193F152B54,6540,5439,21547,
20/10/2020 17:38:35.678,46519,TAI_400 @B73477,40474,DB1948153054,6619,5448,21552,
20/10/2020 17:38:35.726,46567,TAI_400 @B73477,40480,DA192D152454,6618,5421,21540,
20/10/2020 17:38:35.776,46617,TAI_400 @B73477,40486,A81942152854,6568,5442,21544,
20/10/2020 17:38:35.824,46665,TAI_400 @B73477,40493,E7193A152754,6631,5434,21543,
20/10/2020 17:38:35.873,46714,TAI_400 @B73477,40499,C51937152254,6597,5431,21538,
20/10/2020 17:38:35.923,46764,TAI_400 @B73477,40505,AA1948152D54,6570,5448,21549,
20/10/2020 17:38:35.971,46812,TAI_400 @B73477,40511,C0193F152E54,6592,5439,21550,
20/10/2020 17:38:36.020,46861,TAI_400 @B73477,40518,B4192E152154,6580,5422,21537,
20/10/2020 17:38:36.067,46909,TAI_400 @B73477,40524,A71958152E54,6567,5464,21550,
20/10/2020 17:38:36.165,47007,TAI_400 @B73477,40530,C91933152854,6601,5427,21544,
20/10/2020 17:38:36.214,47055,TAI_400 @B73477,40536,BD1934151F54,6589,5428,21535,
20/10/2020 17:38:36.262,47103,TAI_400 @B73477,40543,DB1946152B54,6619,5446,21547,
20/10/2020 17:38:36.312,47153,TAI_400 @B73477,40549,B91945152454,6585,5445,21540,
20/10/2020 17:38:36.360,47201,TAI_400 @B73477,40555,9F193D152554,6559,5437,21541,
20/10/2020 17:38:36.409,47250,TAI_400 @B73477,40561,D51942152A54,6613,5442,21546,
20/10/2020 17:38:36.458,47299,TAI_400 @B73477,40568,93193F152B54,6547,5439,21547,
20/10/2020 17:38:36.507,47348,TAI_400 @B73477,40574,9C1948152B54,6556,5448,21547,
20/10/2020 17:38:36.556,47397,TAI_400 @B73477,40580,ED193D152754,6637,5437,21543,
20/10/2020 17:38:36.606,47447,TAI_400 @B73477,40586,B91934151F54,6585,5428,21535,
20/10/2020 17:38:36.652,47493,TAI_400 @B73477,40593,A51955152754,6565,5461,21543,
20/10/2020 17:38:36.701,47542,TAI_400 @B73477,40599,E31930152554,6627,5424,21541,
20/10/2020 17:38:36.749,47590,TAI_400 @B73477,40605,A11948152454,6561,5448,21540,
20/10/2020 17:38:36.799,47640,TAI_400 @B73477,40611,B91951152D54,6585,5457,21549,
20/10/2020 17:38:36.848,47689,TAI_400 @B73477,40618,BF1934152754,6591,5428,21543,
20/10/2020 17:38:36.896,47737,TAI_400 @B73477,40624,C21939152B54,6594,5433,21547,
20/10/2020 17:38:36.945,47786,TAI_400 @B73477,40630,D4194F152854,6612,5455,21544,
20/10/2020 17:38:36.994,47835,TAI_400 @B73477,40636,C0192D152254,6592,5421,21538,
20/10/2020 17:38:37.042,47883,TAI_400 @B73477,40643,C5193D152754,6597,5437,21543,
20/10/2020 17:38:37.092,47933,TAI_400 @B73477,40649,D11948152B54,6609,5448,21547,
20/10/2020 17:38:37.141,47982,TAI_400 @B73477,40655,9E1940152454,6558,5440,21540,
20/10/2020 17:38:37.189,48030,TAI_400 @B73477,40661,BA1946152554,6586,5446,21541,
20/10/2020 17:38:37.287,48128,TAI_400 @B73477,40668,B3193F152A54,6579,5439,21546,
20/10/2020 17:38:37.337,48178,TAI_400 @B73477,40674,991939152A54,6553,5433,21546,
20/10/2020 17:38:37.384,48225,TAI_400 @B73477,40680,E11945152854,6625,5445,21544,
20/10/2020 17:38:37.433,48274,TAI_400 @B73477,40686,E11937152554,6625,5431,21541,
20/10/2020 17:38:37.481,48322,TAI_400 @B73477,40693,9B194B151F54,6555,5451,21535,
20/10/2020 17:38:37.530,48371,TAI_400 @B73477,40699,BC1952152E54,6588,5458,21550,
20/10/2020 17:38:37.579,48420,TAI_400 @B73477,40705,B3193F151F54,6579,5439,21535,
20/10/2020 17:38:37.628,48469,TAI_400 @B73477,40711,9B1949152B54,6555,5449,21547,
20/10/2020 17:38:37.677,48518,TAI_400 @B73477,40718,D41942152D54,6612,5442,21549,
20/10/2020 17:38:37.725,48566,TAI_400 @B73477,40724,C6192B152554,6598,5419,21541,
20/10/2020 17:38:37.774,48615,TAI_400 @B73477,40730,CE1946152454,6606,5446,21540,
20/10/2020 17:38:37.822,48663,TAI_400 @B73477,40736,C51949152E54,6597,5449,21550,
20/10/2020 17:38:37.872,48713,TAI_400 @B73477,40743,CC193C152154,6604,5436,21537,
20/10/2020 17:38:37.922,48763,TAI_400 @B73477,40749,C9194C152854,6601,5452,21544,
20/10/2020 17:38:37.969,48810,TAI_400 @B73477,40755,B6193D152854,6582,5437,21544,
20/10/2020 17:38:38.017,48858,TAI_400 @B73477,40761,9C1946152454,6556,5446,21540,
20/10/2020 17:38:38.066,48907,TAI_400 @B73477,40768,D8193D152854,6616,5437,21544,
20/10/2020 17:38:38.115,48956,TAI_400 @B73477,40774,D81939152454,6616,5433,21540,
20/10/2020 17:38:38.164,49005,TAI_400 @B73477,40780,B41946152754,6580,5446,21543,
20/10/2020 17:38:38.213,49054,TAI_400 @B73477,40786,FE1943152D54,6654,5443,21549,
20/10/2020 17:38:38.261,49102,TAI_400 @B73477,40793,BC1940151E54,6588,5440,21534,
20/10/2020 17:38:38.310,49151,TAI_400 @B73477,40799,9B1952152D54,6555,5458,21549,
20/10/2020 17:38:38.358,49199,TAI_400 @B73477,40805,CC193D152E54,6604,5437,21550,
20/10/2020 17:38:38.459,49300,TAI_400 @B73477,40811,AB1949151C54,6571,5449,21532,
20/10/2020 17:38:38.505,49346,TAI_400 @B73477,40818,BC194C152754,6588,5452,21543,
20/10/2020 17:38:38.555,49396,TAI_400 @B73477,40824,DA1931152454,6618,5425,21540,
20/10/2020 17:38:38.604,49445,TAI_400 @B73477,40830,C01937152154,6592,5431,21537,
20/10/2020 17:38:38.653,49494,TAI_400 @B73477,40836,CE194B152554,6606,5451,21541,
20/10/2020 17:38:38.700,49541,TAI_400 @B73477,40843,AD1945152554,6573,5445,21541,
20/10/2020 17:38:38.749,49590,TAI_400 @B73477,40849,C91946152254,6601,5446,21538,
20/10/2020 17:38:38.798,49639,TAI_400 @B73477,40855,C3194B153354,6595,5451,21555,
20/10/2020 17:38:38.847,49688,TAI_400 @B73477,40861,A4193D152254,6564,5437,21538,
20/10/2020 17:38:38.895,49736,TAI_400 @B73477,40868,B91945152854,6585,5445,21544,
20/10/2020 17:38:38.944,49785,TAI_400 @B73477,40874,ED193C152554,6637,5436,21541,
20/10/2020 17:38:38.993,49834,TAI_400 @B73477,40880,B11940151E54,6577,5440,21534,
20/10/2020 17:38:39.042,49883,TAI_400 @B73477,40886,D11943152B54,6609,5443,21547,
20/10/2020 17:38:39.090,49931,TAI_400 @B73477,40893,E3193C152254,6627,5436,21538,
20/10/2020 17:38:39.139,49980,TAI_400 @B73477,40899,961949151E54,6550,5449,21534,
20/10/2020 17:38:39.190,50031,TAI_400 @B73477,40905,B11949152A54,6577,5449,21546,
20/10/2020 17:38:39.238,50079,TAI_400 @B73477,40911,D41933152554,6612,5427,21541,
20/10/2020 17:38:39.284,50125,TAI_400 @B73477,40918,C01940151E54,6592,5440,21534,
20/10/2020 17:38:39.333,50174,TAI_400 @B73477,40924,C21942152554,6594,5442,21541,
20/10/2020 17:38:39.382,50223,TAI_400 @B73477,40930,CB1930152554,6603,5424,21541,
20/10/2020 17:38:39.431,50272,TAI_400 @B73477,40936,B01945152454,6576,5445,21540,
20/10/2020 17:38:39.479,50320,TAI_400 @B73477,40943,CC194C152D54,6604,5452,21549,
20/10/2020 17:38:39.579,50420,TAI_400 @B73477,40949,A1193D152554,6561,5437,21541,
20/10/2020 17:38:39.627,50468,TAI_400 @B73477,40955,C31940152B54,6595,5440,21547,
20/10/2020 17:38:39.675,50516,TAI_400 @B73477,40961,AD1943152E54,6573,5443,21550,
20/10/2020 17:38:39.725,50566,TAI_400 @B73477,40968,AE1939152454,6574,5433,21540,
20/10/2020 17:38:39.775,50616,TAI_400 @B73477,40974,DE1940152854,6622,5440,21544,
20/10/2020 17:38:39.823,50664,TAI_400 @B73477,40980,D4193F152454,6612,5439,21540,
20/10/2020 17:38:39.871,50712,TAI_400 @B73477,40986,9E1952152454,6558,5458,21540,
20/10/2020 17:38:39.922,50763,TAI_400 @B73477,40993,BA193D152B54,6586,5437,21547,
20/10/2020 17:38:39.968,50809,TAI_400 @B73477,40999,BA193A152254,6586,5434,21538,
20/10/2020 17:38:40.016,50857,TAI_400 @B73477,41005,961949152754,6550,5449,21543,
20/10/2020 17:38:40.065,50906,TAI_400 @B73477,41011,CF193C152854,6607,5436,21544,
20/10/2020 17:38:40.114,50955,TAI_400 @B73477,41018,CF192D152454,6607,5421,21540,
20/10/2020 17:38:40.163,51004,TAI_400 @B73477,41024,BF194E151654,6591,5454,21526,
20/10/2020 17:38:40.211,51052,TAI_400 @B73477,41030,E4192B152754,6628,5419,21543,
20/10/2020 17:38:40.260,51101,TAI_400 @B73477,41036,C0193A151F54,6592,5434,21535,
20/10/2020 17:38:40.309,51150,TAI_400 @B73477,41043,BD1955152454,6589,5461,21540,
20/10/2020 17:38:40.358,51199,TAI_400 @B73477,41049,B61946152454,6582,5446,21540,
20/10/2020 17:38:40.407,51248,TAI_400 @B73477,41055,A5193C151F54,6565,5436,21535,
20/10/2020 17:38:40.455,51296,TAI_400 @B73477,41061,E71940152754,6631,5440,21543,
20/10/2020 17:38:40.506,51347,TAI_400 @B73477,41068,A21939152854,6562,5433,21544,
20/10/2020 17:38:40.557,51398,TAI_400 @B73477,41074,C2193A152A54,6594,5434,21546,
20/10/2020 17:38:40.601,51442,TAI_400 @B73477,41080,E41942152454,6628,5442,21540,
20/10/2020 17:38:40.651,51492,TAI_400 @B73477,41086,B61940152554,6582,5440,21541,
20/10/2020 17:38:40.748,51589,TAI_400 @B73477,41093,9C1951152554,6556,5457,21541,
20/10/2020 17:38:40.797,51638,TAI_400 @B73477,41099,DD193C152854,6621,5436,21544,
20/10/2020 17:38:40.845,51686,TAI_400 @B73477,41105,961940152B54,6550,5440,21547,
20/10/2020 17:38:40.894,51735,TAI_400 @B73477,41111,B01949152754,6576,5449,21543,
20/10/2020 17:38:40.943,51784,TAI_400 @B73477,41118,E11931152A54,6625,5425,21546,
20/10/2020 17:38:40.992,51833,TAI_400 @B73477,41124,B71942151E54,6583,5442,21534,
20/10/2020 17:38:41.089,51930,TAI_400 @B73477,41130,B01957152E54,6576,5463,21550,
20/10/2020 17:38:41.090,51931,TAI_400 @B73477,41136,B61936152E54,6582,5430,21550,
